{
    "head":{
        "link":[],
        "vars":[
            "river"
        ]
    },
    "results":{
        "distinct":false,
        "ordered":true,
        "bindings":[
            {
                "river":{
                    "type":"uri",
                    "value":"http://dbpedia.org/resource/Curtis_Creek"
                }
            },
            {
                "river":{
                    "type":"uri",
                    "value":"http://dbpedia.org/resource/Herring_Run"
                }
            },
            {
                "river":{
                    "type":"uri",
                    "value":"http://dbpedia.org/resource/Bird_River"
                }
            },
            {
                "river":{
                    "type":"uri",
                    "value":"http://dbpedia.org/resource/Blackwater_River_(Maryland)"
                }
            },
            {
                "river":{
                    "type":"uri",
                    "value":"http://dbpedia.org/resource/Little_Blackwater_River_(Maryland)"
                }
            },
            {
                "river":{
                    "type":"uri",
                    "value":"http://dbpedia.org/resource/South_River_(Maryland)"
                }
            },
            {
                "river":{
                    "type":"uri",
                    "value":"http://dbpedia.org/resource/Gunpowder_River"
                }
            },
            {
                "river":{
                    "type":"uri",
                    "value":"http://dbpedia.org/resource/Back_River_(Maryland)"
                }
            },
            {
                "river":{
                    "type":"uri",
                    "value":"http://dbpedia.org/resource/Piscataway_Creek"
                }
            },
            {
                "river":{
                    "type":"uri",
                    "value":"http://dbpedia.org/resource/Broad_Creek_(Susquehanna_River)"
                }
            },
            {
                "river":{
                    "type":"uri",
                    "value":"http://dbpedia.org/resource/Tred_Avon_River"
                }
            },
            {
                "river":{
                    "type":"uri",
                    "value":"http://dbpedia.org/resource/Alloway_Creek_(Monocacy_River)"
                }
            },
            {
                "river":{
                    "type":"uri",
                    "value":"http://dbpedia.org/resource/Chesapeake_Bay"
                }
            },
            {
                "river":{
                    "type":"uri",
                    "value":"http://dbpedia.org/resource/Potomac_River"
                }
            },
            {
                "river":{
                    "type":"uri",
                    "value":"http://dbpedia.org/resource/Anacostia_River"
                }
            },
            {
                "river":{
                    "type":"uri",
                    "value":"http://dbpedia.org/resource/Christina_River"
                }
            },
            {
                "river":{
                    "type":"uri",
                    "value":"http://dbpedia.org/resource/Patapsco_River"
                }
            },
            {
                "river":{
                    "type":"uri",
                    "value":"http://dbpedia.org/resource/Patuxent_River"
                }
            },
            {
                "river":{
                    "type":"uri",
                    "value":"http://dbpedia.org/resource/Susquehanna_River"
                }
            },
            {
                "river":{
                    "type":"uri",
                    "value":"http://dbpedia.org/resource/Youghiogheny_River"
                }
            },
            {
                "river":{
                    "type":"uri",
                    "value":"http://dbpedia.org/resource/Choptank_River"
                }
            },
            {
                "river":{
                    "type":"uri",
                    "value":"http://dbpedia.org/resource/Monocacy_River"
                }
            },
            {
                "river":{
                    "type":"uri",
                    "value":"http://dbpedia.org/resource/Magothy_River"
                }
            },
            {
                "river":{
                    "type":"uri",
                    "value":"http://dbpedia.org/resource/Severn_River_(Maryland)"
                }
            },
            {
                "river":{
                    "type":"uri",
                    "value":"http://dbpedia.org/resource/Sligo_Creek"
                }
            },
            {
                "river":{
                    "type":"uri",
                    "value":"http://dbpedia.org/resource/Wye_River_(Maryland)"
                }
            },
            {
                "river":{
                    "type":"uri",
                    "value":"http://dbpedia.org/resource/Chester_River"
                }
            },
            {
                "river":{
                    "type":"uri",
                    "value":"http://dbpedia.org/resource/Pocomoke_River"
                }
            },
            {
                "river":{
                    "type":"uri",
                    "value":"http://dbpedia.org/resource/Wicomico_River_(Maryland_eastern_shore)"
                }
            },
            {
                "river":{
                    "type":"uri",
                    "value":"http://dbpedia.org/resource/Toms_Creek_(Monocacy_River)"
                }
            },
            {
                "river":{
                    "type":"uri",
                    "value":"http://dbpedia.org/resource/Jones_Falls"
                }
            },
            {
                "river":{
                    "type":"uri",
                    "value":"http://dbpedia.org/resource/Linganore_Creek"
                }
            },
            {
                "river":{
                    "type":"uri",
                    "value":"http://dbpedia.org/resource/Jennings_Run"
                }
            },
            {
                "river":{
                    "type":"uri",
                    "value":"http://dbpedia.org/resource/Northeast_Branch_Anacostia_River"
                }
            },
            {
                "river":{
                    "type":"uri",
                    "value":"http://dbpedia.org/resource/Corsica_River"
                }
            },
            {
                "river":{
                    "type":"uri",
                    "value":"http://dbpedia.org/resource/Little_Choptank_River"
                }
            },
            {
                "river":{
                    "type":"uri",
                    "value":"http://dbpedia.org/resource/Big_Annemessex_River"
                }
            },
            {
                "river":{
                    "type":"uri",
                    "value":"http://dbpedia.org/resource/Northwest_Branch_Anacostia_River"
                }
            },
            {
                "river":{
                    "type":"uri",
                    "value":"http://dbpedia.org/resource/Honga_River"
                }
            }
        ]
    }
}