{
    "head":{
        "link":[],
        "vars":[
            "x",
            "y"
        ]
    },
    "results":{
        "distinct":false,
        "ordered":true,
        "bindings":[
            {
                "x":{
                    "type":"uri",
                    "value":"http://dbpedia.org/resource/Susquehanna_River"
                },
                "y":{
                    "type":"typed-literal",
                    "datatype":"http://www.w3.org/2001/XMLSchema#double",
                    "value":"746736.0"
                }
            },
            {
                "x":{
                    "type":"uri",
                    "value":"http://dbpedia.org/resource/Potomac_River"
                },
                "y":{
                    "type":"typed-literal",
                    "datatype":"http://www.w3.org/2001/XMLSchema#double",
                    "value":"651784.0"
                }
            },
            {
                "x":{
                    "type":"uri",
                    "value":"http://dbpedia.org/resource/Chesapeake_Bay"
                },
                "y":{
                    "type":"typed-literal",
                    "datatype":"http://www.w3.org/2001/XMLSchema#double",
                    "value":"321869.0"
                }
            },
            {
                "x":{
                    "type":"uri",
                    "value":"http://dbpedia.org/resource/Youghiogheny_River"
                },
                "y":{
                    "type":"typed-literal",
                    "datatype":"http://www.w3.org/2001/XMLSchema#double",
                    "value":"212433.0"
                }
            },
            {
                "x":{
                    "type":"uri",
                    "value":"http://dbpedia.org/resource/Patuxent_River"
                },
                "y":{
                    "type":"typed-literal",
                    "datatype":"http://www.w3.org/2001/XMLSchema#double",
                    "value":"185075.0"
                }
            },
            {
                "x":{
                    "type":"uri",
                    "value":"http://dbpedia.org/resource/Choptank_River"
                },
                "y":{
                    "type":"typed-literal",
                    "datatype":"http://www.w3.org/2001/XMLSchema#double",
                    "value":"114263.0"
                }
            },
            {
                "x":{
                    "type":"uri",
                    "value":"http://dbpedia.org/resource/Pocomoke_River"
                },
                "y":{
                    "type":"typed-literal",
                    "datatype":"http://www.w3.org/2001/XMLSchema#double",
                    "value":"106217.0"
                }
            },
            {
                "x":{
                    "type":"uri",
                    "value":"http://dbpedia.org/resource/Monocacy_River"
                },
                "y":{
                    "type":"typed-literal",
                    "datatype":"http://www.w3.org/2001/XMLSchema#double",
                    "value":"93342.0"
                }
            },
            {
                "x":{
                    "type":"uri",
                    "value":"http://dbpedia.org/resource/Christina_River"
                },
                "y":{
                    "type":"typed-literal",
                    "datatype":"http://www.w3.org/2001/XMLSchema#double",
                    "value":"56327.0"
                }
            },
            {
                "x":{
                    "type":"uri",
                    "value":"http://dbpedia.org/resource/Wicomico_River_(Maryland_eastern_shore)"
                },
                "y":{
                    "type":"typed-literal",
                    "datatype":"http://www.w3.org/2001/XMLSchema#double",
                    "value":"39268.0"
                }
            },
            {
                "x":{
                    "type":"uri",
                    "value":"http://dbpedia.org/resource/Northwest_Branch_Anacostia_River"
                },
                "y":{
                    "type":"typed-literal",
                    "datatype":"http://www.w3.org/2001/XMLSchema#double",
                    "value":"34600.9"
                }
            },
            {
                "x":{
                    "type":"uri",
                    "value":"http://dbpedia.org/resource/Broad_Creek_(Susquehanna_River)"
                },
                "y":{
                    "type":"typed-literal",
                    "datatype":"http://www.w3.org/2001/XMLSchema#double",
                    "value":"27358.8"
                }
            },
            {
                "x":{
                    "type":"uri",
                    "value":"http://dbpedia.org/resource/Wye_River_(Maryland)"
                },
                "y":{
                    "type":"typed-literal",
                    "datatype":"http://www.w3.org/2001/XMLSchema#double",
                    "value":"26232.3"
                }
            },
            {
                "x":{
                    "type":"uri",
                    "value":"http://dbpedia.org/resource/Little_Blackwater_River_(Maryland)"
                },
                "y":{
                    "type":"typed-literal",
                    "datatype":"http://www.w3.org/2001/XMLSchema#double",
                    "value":"24140.2"
                }
            },
            {
                "x":{
                    "type":"uri",
                    "value":"http://dbpedia.org/resource/Magothy_River"
                },
                "y":{
                    "type":"typed-literal",
                    "datatype":"http://www.w3.org/2001/XMLSchema#double",
                    "value":"19473.1"
                }
            },
            {
                "x":{
                    "type":"uri",
                    "value":"http://dbpedia.org/resource/Herring_Run"
                },
                "y":{
                    "type":"typed-literal",
                    "datatype":"http://www.w3.org/2001/XMLSchema#double",
                    "value":"17863.7"
                }
            },
            {
                "x":{
                    "type":"uri",
                    "value":"http://dbpedia.org/resource/Sligo_Creek"
                },
                "y":{
                    "type":"typed-literal",
                    "datatype":"http://www.w3.org/2001/XMLSchema#double",
                    "value":"14645.0"
                }
            },
            {
                "x":{
                    "type":"uri",
                    "value":"http://dbpedia.org/resource/Back_River_(Maryland)"
                },
                "y":{
                    "type":"typed-literal",
                    "datatype":"http://www.w3.org/2001/XMLSchema#double",
                    "value":"14484.1"
                }
            },
            {
                "x":{
                    "type":"uri",
                    "value":"http://dbpedia.org/resource/Anacostia_River"
                },
                "y":{
                    "type":"typed-literal",
                    "datatype":"http://www.w3.org/2001/XMLSchema#double",
                    "value":"13518.5"
                }
            },
            {
                "x":{
                    "type":"uri",
                    "value":"http://dbpedia.org/resource/Northeast_Branch_Anacostia_River"
                },
                "y":{
                    "type":"typed-literal",
                    "datatype":"http://www.w3.org/2001/XMLSchema#double",
                    "value":"4828.03"
                }
            },
            {
                "x":{
                    "type":"uri",
                    "value":"http://dbpedia.org/resource/Curtis_Creek"
                }
            },
            {
                "x":{
                    "type":"uri",
                    "value":"http://dbpedia.org/resource/Bird_River"
                }
            },
            {
                "x":{
                    "type":"uri",
                    "value":"http://dbpedia.org/resource/Blackwater_River_(Maryland)"
                }
            },
            {
                "x":{
                    "type":"uri",
                    "value":"http://dbpedia.org/resource/South_River_(Maryland)"
                }
            },
            {
                "x":{
                    "type":"uri",
                    "value":"http://dbpedia.org/resource/Gunpowder_River"
                }
            },
            {
                "x":{
                    "type":"uri",
                    "value":"http://dbpedia.org/resource/Piscataway_Creek"
                }
            },
            {
                "x":{
                    "type":"uri",
                    "value":"http://dbpedia.org/resource/Tred_Avon_River"
                }
            },
            {
                "x":{
                    "type":"uri",
                    "value":"http://dbpedia.org/resource/Alloway_Creek_(Monocacy_River)"
                }
            },
            {
                "x":{
                    "type":"uri",
                    "value":"http://dbpedia.org/resource/Patapsco_River"
                }
            },
            {
                "x":{
                    "type":"uri",
                    "value":"http://dbpedia.org/resource/Severn_River_(Maryland)"
                }
            },
            {
                "x":{
                    "type":"uri",
                    "value":"http://dbpedia.org/resource/Chester_River"
                }
            },
            {
                "x":{
                    "type":"uri",
                    "value":"http://dbpedia.org/resource/Toms_Creek_(Monocacy_River)"
                }
            },
            {
                "x":{
                    "type":"uri",
                    "value":"http://dbpedia.org/resource/Jones_Falls"
                }
            },
            {
                "x":{
                    "type":"uri",
                    "value":"http://dbpedia.org/resource/Linganore_Creek"
                }
            },
            {
                "x":{
                    "type":"uri",
                    "value":"http://dbpedia.org/resource/Jennings_Run"
                }
            },
            {
                "x":{
                    "type":"uri",
                    "value":"http://dbpedia.org/resource/Corsica_River"
                }
            },
            {
                "x":{
                    "type":"uri",
                    "value":"http://dbpedia.org/resource/Little_Choptank_River"
                }
            },
            {
                "x":{
                    "type":"uri",
                    "value":"http://dbpedia.org/resource/Big_Annemessex_River"
                }
            },
            {
                "x":{
                    "type":"uri",
                    "value":"http://dbpedia.org/resource/Honga_River"
                }
            }
        ]
    }
}