{
    "head":{
        "link":[],
        "vars":[
            "x",
            "rivercount"
        ]
    },
    "results":{
        "distinct":false,
        "ordered":true,
        "bindings":[
            {
                "x":{
                    "type":"uri",
                    "value":"http://dbpedia.org/resource/Alabama"
                },
                "rivercount":{
                    "type":"typed-literal",
                    "datatype":"http://www.w3.org/2001/XMLSchema#integer",
                    "value":"8"
                }
            },
            {
                "x":{
                    "type":"uri",
                    "value":"http://dbpedia.org/resource/Alaska"
                },
                "rivercount":{
                    "type":"typed-literal",
                    "datatype":"http://www.w3.org/2001/XMLSchema#integer",
                    "value":"153"
                }
            },
            {
                "x":{
                    "type":"uri",
                    "value":"http://dbpedia.org/resource/Arizona"
                },
                "rivercount":{
                    "type":"typed-literal",
                    "datatype":"http://www.w3.org/2001/XMLSchema#integer",
                    "value":"17"
                }
            },
            {
                "x":{
                    "type":"uri",
                    "value":"http://dbpedia.org/resource/Arkansas"
                },
                "rivercount":{
                    "type":"typed-literal",
                    "datatype":"http://www.w3.org/2001/XMLSchema#integer",
                    "value":"19"
                }
            },
            {
                "x":{
                    "type":"uri",
                    "value":"http://dbpedia.org/resource/California"
                },
                "rivercount":{
                    "type":"typed-literal",
                    "datatype":"http://www.w3.org/2001/XMLSchema#integer",
                    "value":"310"
                }
            },
            {
                "x":{
                    "type":"uri",
                    "value":"http://dbpedia.org/resource/Colorado"
                },
                "rivercount":{
                    "type":"typed-literal",
                    "datatype":"http://www.w3.org/2001/XMLSchema#integer",
                    "value":"30"
                }
            },
            {
                "x":{
                    "type":"uri",
                    "value":"http://dbpedia.org/resource/Connecticut"
                },
                "rivercount":{
                    "type":"typed-literal",
                    "datatype":"http://www.w3.org/2001/XMLSchema#integer",
                    "value":"21"
                }
            },
            {
                "x":{
                    "type":"uri",
                    "value":"http://dbpedia.org/resource/Delaware"
                },
                "rivercount":{
                    "type":"typed-literal",
                    "datatype":"http://www.w3.org/2001/XMLSchema#integer",
                    "value":"12"
                }
            },
            {
                "x":{
                    "type":"uri",
                    "value":"http://dbpedia.org/resource/Florida"
                },
                "rivercount":{
                    "type":"typed-literal",
                    "datatype":"http://www.w3.org/2001/XMLSchema#integer",
                    "value":"13"
                }
            },
            {
                "x":{
                    "type":"uri",
                    "value":"http://dbpedia.org/resource/Georgia_(U.S._state)"
                },
                "rivercount":{
                    "type":"typed-literal",
                    "datatype":"http://www.w3.org/2001/XMLSchema#integer",
                    "value":"10"
                }
            },
            {
                "x":{
                    "type":"uri",
                    "value":"http://dbpedia.org/resource/Hawaii"
                },
                "rivercount":{
                    "type":"typed-literal",
                    "datatype":"http://www.w3.org/2001/XMLSchema#integer",
                    "value":"1"
                }
            },
            {
                "x":{
                    "type":"uri",
                    "value":"http://dbpedia.org/resource/Idaho"
                },
                "rivercount":{
                    "type":"typed-literal",
                    "datatype":"http://www.w3.org/2001/XMLSchema#integer",
                    "value":"65"
                }
            },
            {
                "x":{
                    "type":"uri",
                    "value":"http://dbpedia.org/resource/Illinois"
                },
                "rivercount":{
                    "type":"typed-literal",
                    "datatype":"http://www.w3.org/2001/XMLSchema#integer",
                    "value":"16"
                }
            },
            {
                "x":{
                    "type":"uri",
                    "value":"http://dbpedia.org/resource/Indiana"
                },
                "rivercount":{
                    "type":"typed-literal",
                    "datatype":"http://www.w3.org/2001/XMLSchema#integer",
                    "value":"12"
                }
            },
            {
                "x":{
                    "type":"uri",
                    "value":"http://dbpedia.org/resource/Iowa"
                },
                "rivercount":{
                    "type":"typed-literal",
                    "datatype":"http://www.w3.org/2001/XMLSchema#integer",
                    "value":"39"
                }
            },
            {
                "x":{
                    "type":"uri",
                    "value":"http://dbpedia.org/resource/Kansas"
                },
                "rivercount":{
                    "type":"typed-literal",
                    "datatype":"http://www.w3.org/2001/XMLSchema#integer",
                    "value":"44"
                }
            },
            {
                "x":{
                    "type":"uri",
                    "value":"http://dbpedia.org/resource/Kentucky"
                },
                "rivercount":{
                    "type":"typed-literal",
                    "datatype":"http://www.w3.org/2001/XMLSchema#integer",
                    "value":"9"
                }
            },
            {
                "x":{
                    "type":"uri",
                    "value":"http://dbpedia.org/resource/Louisiana"
                },
                "rivercount":{
                    "type":"typed-literal",
                    "datatype":"http://www.w3.org/2001/XMLSchema#integer",
                    "value":"16"
                }
            },
            {
                "x":{
                    "type":"uri",
                    "value":"http://dbpedia.org/resource/Maine"
                },
                "rivercount":{
                    "type":"typed-literal",
                    "datatype":"http://www.w3.org/2001/XMLSchema#integer",
                    "value":"8"
                }
            },
            {
                "x":{
                    "type":"uri",
                    "value":"http://dbpedia.org/resource/Maryland"
                },
                "rivercount":{
                    "type":"typed-literal",
                    "datatype":"http://www.w3.org/2001/XMLSchema#integer",
                    "value":"39"
                }
            },
            {
                "x":{
                    "type":"uri",
                    "value":"http://dbpedia.org/resource/Massachusetts"
                },
                "rivercount":{
                    "type":"typed-literal",
                    "datatype":"http://www.w3.org/2001/XMLSchema#integer",
                    "value":"17"
                }
            },
            {
                "x":{
                    "type":"uri",
                    "value":"http://dbpedia.org/resource/Michigan"
                },
                "rivercount":{
                    "type":"typed-literal",
                    "datatype":"http://www.w3.org/2001/XMLSchema#integer",
                    "value":"34"
                }
            },
            {
                "x":{
                    "type":"uri",
                    "value":"http://dbpedia.org/resource/Minnesota"
                },
                "rivercount":{
                    "type":"typed-literal",
                    "datatype":"http://www.w3.org/2001/XMLSchema#integer",
                    "value":"30"
                }
            },
            {
                "x":{
                    "type":"uri",
                    "value":"http://dbpedia.org/resource/Mississippi"
                },
                "rivercount":{
                    "type":"typed-literal",
                    "datatype":"http://www.w3.org/2001/XMLSchema#integer",
                    "value":"11"
                }
            },
            {
                "x":{
                    "type":"uri",
                    "value":"http://dbpedia.org/resource/Missouri"
                },
                "rivercount":{
                    "type":"typed-literal",
                    "datatype":"http://www.w3.org/2001/XMLSchema#integer",
                    "value":"30"
                }
            },
            {
                "x":{
                    "type":"uri",
                    "value":"http://dbpedia.org/resource/Montana"
                },
                "rivercount":{
                    "type":"typed-literal",
                    "datatype":"http://www.w3.org/2001/XMLSchema#integer",
                    "value":"31"
                }
            },
            {
                "x":{
                    "type":"uri",
                    "value":"http://dbpedia.org/resource/Nebraska"
                },
                "rivercount":{
                    "type":"typed-literal",
                    "datatype":"http://www.w3.org/2001/XMLSchema#integer",
                    "value":"15"
                }
            },
            {
                "x":{
                    "type":"uri",
                    "value":"http://dbpedia.org/resource/Nevada"
                },
                "rivercount":{
                    "type":"typed-literal",
                    "datatype":"http://www.w3.org/2001/XMLSchema#integer",
                    "value":"24"
                }
            },
            {
                "x":{
                    "type":"uri",
                    "value":"http://dbpedia.org/resource/New_Hampshire"
                },
                "rivercount":{
                    "type":"typed-literal",
                    "datatype":"http://www.w3.org/2001/XMLSchema#integer",
                    "value":"8"
                }
            },
            {
                "x":{
                    "type":"uri",
                    "value":"http://dbpedia.org/resource/New_Jersey"
                },
                "rivercount":{
                    "type":"typed-literal",
                    "datatype":"http://www.w3.org/2001/XMLSchema#integer",
                    "value":"28"
                }
            },
            {
                "x":{
                    "type":"uri",
                    "value":"http://dbpedia.org/resource/New_Mexico"
                },
                "rivercount":{
                    "type":"typed-literal",
                    "datatype":"http://www.w3.org/2001/XMLSchema#integer",
                    "value":"23"
                }
            },
            {
                "x":{
                    "type":"uri",
                    "value":"http://dbpedia.org/resource/North_Carolina"
                },
                "rivercount":{
                    "type":"typed-literal",
                    "datatype":"http://www.w3.org/2001/XMLSchema#integer",
                    "value":"22"
                }
            },
            {
                "x":{
                    "type":"uri",
                    "value":"http://dbpedia.org/resource/North_Dakota"
                },
                "rivercount":{
                    "type":"typed-literal",
                    "datatype":"http://www.w3.org/2001/XMLSchema#integer",
                    "value":"9"
                }
            },
            {
                "x":{
                    "type":"uri",
                    "value":"http://dbpedia.org/resource/Oklahoma"
                },
                "rivercount":{
                    "type":"typed-literal",
                    "datatype":"http://www.w3.org/2001/XMLSchema#integer",
                    "value":"13"
                }
            },
            {
                "x":{
                    "type":"uri",
                    "value":"http://dbpedia.org/resource/Pennsylvania"
                },
                "rivercount":{
                    "type":"typed-literal",
                    "datatype":"http://www.w3.org/2001/XMLSchema#integer",
                    "value":"69"
                }
            },
            {
                "x":{
                    "type":"uri",
                    "value":"http://dbpedia.org/resource/Rhode_Island"
                },
                "rivercount":{
                    "type":"typed-literal",
                    "datatype":"http://www.w3.org/2001/XMLSchema#integer",
                    "value":"2"
                }
            },
            {
                "x":{
                    "type":"uri",
                    "value":"http://dbpedia.org/resource/South_Carolina"
                },
                "rivercount":{
                    "type":"typed-literal",
                    "datatype":"http://www.w3.org/2001/XMLSchema#integer",
                    "value":"10"
                }
            },
            {
                "x":{
                    "type":"uri",
                    "value":"http://dbpedia.org/resource/South_Dakota"
                },
                "rivercount":{
                    "type":"typed-literal",
                    "datatype":"http://www.w3.org/2001/XMLSchema#integer",
                    "value":"6"
                }
            },
            {
                "x":{
                    "type":"uri",
                    "value":"http://dbpedia.org/resource/Tennessee"
                },
                "rivercount":{
                    "type":"typed-literal",
                    "datatype":"http://www.w3.org/2001/XMLSchema#integer",
                    "value":"19"
                }
            },
            {
                "x":{
                    "type":"uri",
                    "value":"http://dbpedia.org/resource/Texas"
                },
                "rivercount":{
                    "type":"typed-literal",
                    "datatype":"http://www.w3.org/2001/XMLSchema#integer",
                    "value":"33"
                }
            },
            {
                "x":{
                    "type":"uri",
                    "value":"http://dbpedia.org/resource/Utah"
                },
                "rivercount":{
                    "type":"typed-literal",
                    "datatype":"http://www.w3.org/2001/XMLSchema#integer",
                    "value":"27"
                }
            },
            {
                "x":{
                    "type":"uri",
                    "value":"http://dbpedia.org/resource/Vermont"
                },
                "rivercount":{
                    "type":"typed-literal",
                    "datatype":"http://www.w3.org/2001/XMLSchema#integer",
                    "value":"12"
                }
            },
            {
                "x":{
                    "type":"uri",
                    "value":"http://dbpedia.org/resource/Virginia"
                },
                "rivercount":{
                    "type":"typed-literal",
                    "datatype":"http://www.w3.org/2001/XMLSchema#integer",
                    "value":"29"
                }
            },
            {
                "x":{
                    "type":"uri",
                    "value":"http://dbpedia.org/resource/Washington_(state)"
                },
                "rivercount":{
                    "type":"typed-literal",
                    "datatype":"http://www.w3.org/2001/XMLSchema#integer",
                    "value":"34"
                }
            },
            {
                "x":{
                    "type":"uri",
                    "value":"http://dbpedia.org/resource/West_Virginia"
                },
                "rivercount":{
                    "type":"typed-literal",
                    "datatype":"http://www.w3.org/2001/XMLSchema#integer",
                    "value":"95"
                }
            },
            {
                "x":{
                    "type":"uri",
                    "value":"http://dbpedia.org/resource/Wisconsin"
                },
                "rivercount":{
                    "type":"typed-literal",
                    "datatype":"http://www.w3.org/2001/XMLSchema#integer",
                    "value":"22"
                }
            },
            {
                "x":{
                    "type":"uri",
                    "value":"http://dbpedia.org/resource/Wyoming"
                },
                "rivercount":{
                    "type":"typed-literal",
                    "datatype":"http://www.w3.org/2001/XMLSchema#integer",
                    "value":"32"
                }
            }
        ]
    }
}