{
    "head":{
        "link":[],
        "vars":[
            "y"
        ]
    },
    "results":{
        "distinct":false,
        "ordered":true,
        "bindings":[
            {
                "y":{
                    "type":"uri",
                    "value":"http://dbpedia.org/resource/Gunpowder_River"
                }
            },
            {
                "y":{
                    "type":"uri",
                    "value":"http://dbpedia.org/resource/Honga_River"
                }
            },
            {
                "y":{
                    "type":"uri",
                    "value":"http://dbpedia.org/resource/Potomac_River"
                }
            },
            {
                "y":{
                    "type":"uri",
                    "value":"http://dbpedia.org/resource/Patapsco_River"
                }
            },
            {
                "y":{
                    "type":"uri",
                    "value":"http://dbpedia.org/resource/Chester_River"
                }
            },
            {
                "y":{
                    "type":"uri",
                    "value":"http://dbpedia.org/resource/Choptank_River"
                }
            },
            {
                "y":{
                    "type":"uri",
                    "value":"http://dbpedia.org/resource/Magothy_River"
                }
            },
            {
                "y":{
                    "type":"uri",
                    "value":"http://dbpedia.org/resource/Severn_River_(Maryland)"
                }
            },
            {
                "y":{
                    "type":"uri",
                    "value":"http://dbpedia.org/resource/Wicomico_River_(Maryland_eastern_shore)"
                }
            },
            {
                "y":{
                    "type":"uri",
                    "value":"http://dbpedia.org/resource/Patuxent_River"
                }
            },
            {
                "y":{
                    "type":"uri",
                    "value":"http://dbpedia.org/resource/South_River_(Maryland)"
                }
            },
            {
                "y":{
                    "type":"uri",
                    "value":"http://dbpedia.org/resource/Back_River_(Maryland)"
                }
            },
            {
                "y":{
                    "type":"uri",
                    "value":"http://dbpedia.org/resource/Susquehanna_River"
                }
            }
        ]
    }
}