{
    "head":{
        "link":[],
        "vars":[
            "child",
            "school"
        ]
    },
    "results":{
        "distinct":false,
        "ordered":true,
        "bindings":[
            {
                "child":{
                    "type":"uri",
                    "value":"http://dbpedia.org/resource/Donald_Trump_Jr."
                },
                "school":{
                    "type":"uri",
                    "value":"http://dbpedia.org/resource/University_of_Pennsylvania"
                }
            },
            {
                "child":{
                    "type":"uri",
                    "value":"http://dbpedia.org/resource/Tiffany_Trump"
                },
                "school":{
                    "type":"uri",
                    "value":"http://dbpedia.org/resource/University_of_Pennsylvania"
                }
            },
            {
                "child":{
                    "type":"uri",
                    "value":"http://dbpedia.org/resource/Eric_Trump"
                },
                "school":{
                    "type":"uri",
                    "value":"http://dbpedia.org/resource/Georgetown_University"
                }
            },
            {
                "child":{
                    "type":"uri",
                    "value":"http://dbpedia.org/resource/Ivanka_Trump"
                },
                "school":{
                    "type":"uri",
                    "value":"http://dbpedia.org/resource/University_of_Pennsylvania"
                }
            }
        ]
    }
}