{
    "head":{
        "link":[],
        "vars":[
            "president",
            "child",
            "school"
        ]
    },
    "results":{
        "distinct":false,
        "ordered":true,
        "bindings":[
            {
                "president":{
                    "type":"uri",
                    "value":"http://dbpedia.org/resource/Calvin_Coolidge"
                },
                "child":{
                    "type":"uri",
                    "value":"http://dbpedia.org/resource/John_Coolidge"
                },
                "school":{
                    "type":"uri",
                    "value":"http://dbpedia.org/resource/Amherst_College"
                }
            },
            {
                "president":{
                    "type":"uri",
                    "value":"http://dbpedia.org/resource/Dwight_D._Eisenhower"
                },
                "child":{
                    "type":"uri",
                    "value":"http://dbpedia.org/resource/John_Eisenhower"
                },
                "school":{
                    "type":"uri",
                    "value":"http://dbpedia.org/resource/United_States_Military_Academy"
                }
            },
            {
                "president":{
                    "type":"uri",
                    "value":"http://dbpedia.org/resource/James_A._Garfield"
                },
                "child":{
                    "type":"uri",
                    "value":"http://dbpedia.org/resource/James_Rudolph_Garfield"
                },
                "school":{
                    "type":"uri",
                    "value":"http://dbpedia.org/resource/Williams_College"
                }
            },
            {
                "president":{
                    "type":"uri",
                    "value":"http://dbpedia.org/resource/George_H._W._Bush"
                },
                "child":{
                    "type":"uri",
                    "value":"http://dbpedia.org/resource/George_W._Bush"
                },
                "school":{
                    "type":"uri",
                    "value":"http://dbpedia.org/resource/Yale_University"
                }
            },
            {
                "president":{
                    "type":"uri",
                    "value":"http://dbpedia.org/resource/George_W._Bush"
                },
                "child":{
                    "type":"uri",
                    "value":"http://dbpedia.org/resource/Barbara_Bush_(born_1981)"
                },
                "school":{
                    "type":"uri",
                    "value":"http://dbpedia.org/resource/Yale_University"
                }
            },
            {
                "president":{
                    "type":"uri",
                    "value":"http://dbpedia.org/resource/Bill_Clinton"
                },
                "child":{
                    "type":"uri",
                    "value":"http://dbpedia.org/resource/Chelsea_Clinton"
                },
                "school":{
                    "type":"uri",
                    "value":"http://dbpedia.org/resource/University_College,_Oxford"
                }
            },
            {
                "president":{
                    "type":"uri",
                    "value":"http://dbpedia.org/resource/John_Adams"
                },
                "child":{
                    "type":"uri",
                    "value":"http://dbpedia.org/resource/John_Quincy_Adams"
                },
                "school":{
                    "type":"uri",
                    "value":"http://dbpedia.org/resource/Harvard_College"
                }
            }
        ]
    }
}