{
    "head":{
        "vars":[
            "pokemon",
            "pokemonLabel",
            "height",
            "mass"
        ]
    },
    "results":{
        "bindings":[
            {
                "pokemon":{
                    "type":"uri",
                    "value":"http://www.wikidata.org/entity/Q3976334"
                },
                "height":{
                    "datatype":"http://www.w3.org/2001/XMLSchema#decimal",
                    "type":"literal",
                    "value":"70"
                },
                "mass":{
                    "datatype":"http://www.w3.org/2001/XMLSchema#decimal",
                    "type":"literal",
                    "value":"11"
                },
                "pokemonLabel":{
                    "xml:lang":"en",
                    "type":"literal",
                    "value":"Stunfisk"
                }
            },
            {
                "pokemon":{
                    "type":"uri",
                    "value":"http://www.wikidata.org/entity/Q16563082"
                },
                "height":{
                    "datatype":"http://www.w3.org/2001/XMLSchema#decimal",
                    "type":"literal",
                    "value":"50"
                },
                "mass":{
                    "datatype":"http://www.w3.org/2001/XMLSchema#decimal",
                    "type":"literal",
                    "value":"6"
                },
                "pokemonLabel":{
                    "xml:lang":"en",
                    "type":"literal",
                    "value":"Helioptile"
                }
            },
            {
                "pokemon":{
                    "type":"uri",
                    "value":"http://www.wikidata.org/entity/Q2739040"
                },
                "height":{
                    "datatype":"http://www.w3.org/2001/XMLSchema#decimal",
                    "type":"literal",
                    "value":"140"
                },
                "pokemonLabel":{
                    "xml:lang":"en",
                    "type":"literal",
                    "value":"Ampharos"
                }
            },
            {
                "pokemon":{
                    "type":"uri",
                    "value":"http://www.wikidata.org/entity/Q25403238"
                },
                "height":{
                    "datatype":"http://www.w3.org/2001/XMLSchema#decimal",
                    "type":"literal",
                    "value":"30"
                },
                "mass":{
                    "datatype":"http://www.w3.org/2001/XMLSchema#decimal",
                    "type":"literal",
                    "value":"33"
                },
                "pokemonLabel":{
                    "xml:lang":"en",
                    "type":"literal",
                    "value":"Togedemaru"
                }
            },
            {
                "pokemon":{
                    "type":"uri",
                    "value":"http://www.wikidata.org/entity/Q3720111"
                },
                "height":{
                    "datatype":"http://www.w3.org/2001/XMLSchema#decimal",
                    "type":"literal",
                    "value":"120"
                },
                "mass":{
                    "datatype":"http://www.w3.org/2001/XMLSchema#decimal",
                    "type":"literal",
                    "value":"22"
                },
                "pokemonLabel":{
                    "xml:lang":"en",
                    "type":"literal",
                    "value":"Eelektrik"
                }
            },
            {
                "pokemon":{
                    "type":"uri",
                    "value":"http://www.wikidata.org/entity/Q4001167"
                },
                "height":{
                    "datatype":"http://www.w3.org/2001/XMLSchema#decimal",
                    "type":"literal",
                    "value":"20"
                },
                "pokemonLabel":{
                    "xml:lang":"en",
                    "type":"literal",
                    "value":"Tynamo"
                }
            },
            {
                "pokemon":{
                    "type":"uri",
                    "value":"http://www.wikidata.org/entity/Q2291749"
                },
                "height":{
                    "datatype":"http://www.w3.org/2001/XMLSchema#decimal",
                    "type":"literal",
                    "value":"180"
                },
                "pokemonLabel":{
                    "xml:lang":"en",
                    "type":"literal",
                    "value":"Electivire"
                }
            },
            {
                "pokemon":{
                    "type":"uri",
                    "value":"http://www.wikidata.org/entity/Q16549046"
                },
                "height":{
                    "datatype":"http://www.w3.org/2001/XMLSchema#decimal",
                    "type":"literal",
                    "value":"20"
                },
                "pokemonLabel":{
                    "xml:lang":"en",
                    "type":"literal",
                    "value":"Dedenne"
                }
            },
            {
                "pokemon":{
                    "type":"uri",
                    "value":"http://www.wikidata.org/entity/Q1049265"
                },
                "height":{
                    "datatype":"http://www.w3.org/2001/XMLSchema#decimal",
                    "type":"literal",
                    "value":"290"
                },
                "mass":{
                    "datatype":"http://www.w3.org/2001/XMLSchema#decimal",
                    "type":"literal",
                    "value":"345"
                },
                "pokemonLabel":{
                    "xml:lang":"en",
                    "type":"literal",
                    "value":"Zekrom"
                }
            },
            {
                "pokemon":{
                    "type":"uri",
                    "value":"http://www.wikidata.org/entity/Q66316814"
                },
                "height":{
                    "datatype":"http://www.w3.org/2001/XMLSchema#decimal",
                    "type":"literal",
                    "value":"0.3"
                },
                "mass":{
                    "datatype":"http://www.w3.org/2001/XMLSchema#decimal",
                    "type":"literal",
                    "value":"3"
                },
                "pokemonLabel":{
                    "xml:lang":"en",
                    "type":"literal",
                    "value":"Morpeko"
                }
            },
            {
                "pokemon":{
                    "type":"uri",
                    "value":"http://www.wikidata.org/entity/Q2706153"
                },
                "height":{
                    "datatype":"http://www.w3.org/2001/XMLSchema#decimal",
                    "type":"literal",
                    "value":"150"
                },
                "pokemonLabel":{
                    "xml:lang":"en",
                    "type":"literal",
                    "value":"Manectric"
                }
            },
            {
                "pokemon":{
                    "type":"uri",
                    "value":"http://www.wikidata.org/entity/Q42862227"
                },
                "height":{
                    "datatype":"http://www.w3.org/2001/XMLSchema#decimal",
                    "type":"literal",
                    "value":"1.5"
                },
                "mass":{
                    "datatype":"http://www.w3.org/2001/XMLSchema#decimal",
                    "type":"literal",
                    "value":"44.5"
                },
                "pokemonLabel":{
                    "xml:lang":"en",
                    "type":"literal",
                    "value":"Zeraora"
                }
            },
            {
                "pokemon":{
                    "type":"uri",
                    "value":"http://www.wikidata.org/entity/Q1334381"
                },
                "height":{
                    "datatype":"http://www.w3.org/2001/XMLSchema#decimal",
                    "type":"literal",
                    "value":"320"
                },
                "mass":{
                    "datatype":"http://www.w3.org/2001/XMLSchema#decimal",
                    "type":"literal",
                    "value":"320"
                },
                "pokemonLabel":{
                    "xml:lang":"en",
                    "type":"literal",
                    "value":"Arceus"
                }
            },
            {
                "pokemon":{
                    "type":"uri",
                    "value":"http://www.wikidata.org/entity/Q26206534"
                },
                "pokemonLabel":{
                    "xml:lang":"en",
                    "type":"literal",
                    "value":"Oricorio"
                }
            },
            {
                "pokemon":{
                    "type":"uri",
                    "value":"http://www.wikidata.org/entity/Q2708556"
                },
                "height":{
                    "datatype":"http://www.w3.org/2001/XMLSchema#decimal",
                    "type":"literal",
                    "value":"140"
                },
                "mass":{
                    "datatype":"http://www.w3.org/2001/XMLSchema#decimal",
                    "type":"literal",
                    "value":"42"
                },
                "pokemonLabel":{
                    "xml:lang":"en",
                    "type":"literal",
                    "value":"Luxray"
                }
            },
            {
                "pokemon":{
                    "type":"uri",
                    "value":"http://www.wikidata.org/entity/Q3990967"
                },
                "height":{
                    "datatype":"http://www.w3.org/2001/XMLSchema#decimal",
                    "type":"literal",
                    "value":"150"
                },
                "mass":{
                    "datatype":"http://www.w3.org/2001/XMLSchema#decimal",
                    "type":"literal",
                    "value":"61"
                },
                "pokemonLabel":{
                    "xml:lang":"en",
                    "type":"literal",
                    "value":"Thundurus"
                }
            },
            {
                "pokemon":{
                    "type":"uri",
                    "value":"http://www.wikidata.org/entity/Q2526010"
                },
                "height":{
                    "datatype":"http://www.w3.org/2001/XMLSchema#decimal",
                    "type":"literal",
                    "value":"120"
                },
                "mass":{
                    "datatype":"http://www.w3.org/2001/XMLSchema#decimal",
                    "type":"literal",
                    "value":"180"
                },
                "pokemonLabel":{
                    "xml:lang":"en",
                    "type":"literal",
                    "value":"Magnezone"
                }
            },
            {
                "pokemon":{
                    "type":"uri",
                    "value":"http://www.wikidata.org/entity/Q3757879"
                },
                "height":{
                    "datatype":"http://www.w3.org/2001/XMLSchema#decimal",
                    "type":"literal",
                    "value":"80"
                },
                "pokemonLabel":{
                    "xml:lang":"en",
                    "type":"literal",
                    "value":"Galvantula"
                }
            },
            {
                "pokemon":{
                    "type":"uri",
                    "value":"http://www.wikidata.org/entity/Q4023976"
                },
                "height":{
                    "datatype":"http://www.w3.org/2001/XMLSchema#decimal",
                    "type":"literal",
                    "value":"170"
                },
                "pokemonLabel":{
                    "xml:lang":"en",
                    "type":"literal",
                    "value":"Zebstrika"
                }
            },
            {
                "pokemon":{
                    "type":"uri",
                    "value":"http://www.wikidata.org/entity/Q2704989"
                },
                "height":{
                    "datatype":"http://www.w3.org/2001/XMLSchema#decimal",
                    "type":"literal",
                    "value":"120"
                },
                "mass":{
                    "datatype":"http://www.w3.org/2001/XMLSchema#decimal",
                    "type":"literal",
                    "value":"666"
                },
                "pokemonLabel":{
                    "xml:lang":"en",
                    "type":"literal",
                    "value":"Electrode"
                }
            },
            {
                "pokemon":{
                    "type":"uri",
                    "value":"http://www.wikidata.org/entity/Q76878474"
                },
                "height":{
                    "datatype":"http://www.w3.org/2001/XMLSchema#decimal",
                    "type":"literal",
                    "value":"1"
                },
                "mass":{
                    "datatype":"http://www.w3.org/2001/XMLSchema#decimal",
                    "type":"literal",
                    "value":"34"
                },
                "pokemonLabel":{
                    "xml:lang":"en",
                    "type":"literal",
                    "value":"Boltund"
                }
            },
            {
                "pokemon":{
                    "type":"uri",
                    "value":"http://www.wikidata.org/entity/Q27862459"
                },
                "pokemonLabel":{
                    "xml:lang":"en",
                    "type":"literal",
                    "value":"Xurkitree"
                }
            },
            {
                "pokemon":{
                    "type":"uri",
                    "value":"http://www.wikidata.org/entity/Q56707143"
                },
                "height":{
                    "datatype":"http://www.w3.org/2001/XMLSchema#decimal",
                    "type":"literal",
                    "value":"80"
                },
                "mass":{
                    "datatype":"http://www.w3.org/2001/XMLSchema#decimal",
                    "type":"literal",
                    "value":"30"
                },
                "pokemonLabel":{
                    "xml:lang":"en",
                    "type":"literal",
                    "value":"Alolan Raichu"
                }
            },
            {
                "pokemon":{
                    "type":"uri",
                    "value":"http://www.wikidata.org/entity/Q56676716"
                },
                "pokemonLabel":{
                    "xml:lang":"en",
                    "type":"literal",
                    "value":"Mega Ampharos"
                }
            },
            {
                "pokemon":{
                    "type":"uri",
                    "value":"http://www.wikidata.org/entity/Q2725445"
                },
                "height":{
                    "datatype":"http://www.w3.org/2001/XMLSchema#decimal",
                    "type":"literal",
                    "value":"50"
                },
                "pokemonLabel":{
                    "xml:lang":"en",
                    "type":"literal",
                    "value":"Shinx"
                }
            },
            {
                "pokemon":{
                    "type":"uri",
                    "value":"http://www.wikidata.org/entity/Q2070694"
                },
                "height":{
                    "datatype":"http://www.w3.org/2001/XMLSchema#decimal",
                    "type":"literal",
                    "value":"30"
                },
                "mass":{
                    "datatype":"http://www.w3.org/2001/XMLSchema#decimal",
                    "type":"literal",
                    "value":"2"
                },
                "pokemonLabel":{
                    "xml:lang":"en",
                    "type":"literal",
                    "value":"Pichu"
                }
            },
            {
                "pokemon":{
                    "type":"uri",
                    "value":"http://www.wikidata.org/entity/Q2481085"
                },
                "height":{
                    "datatype":"http://www.w3.org/2001/XMLSchema#decimal",
                    "type":"literal",
                    "value":"110"
                },
                "mass":{
                    "datatype":"http://www.w3.org/2001/XMLSchema#decimal",
                    "type":"literal",
                    "value":"30"
                },
                "pokemonLabel":{
                    "xml:lang":"en",
                    "type":"literal",
                    "value":"Electabuzz"
                }
            },
            {
                "pokemon":{
                    "type":"uri",
                    "value":"http://www.wikidata.org/entity/Q25403244"
                },
                "height":{
                    "datatype":"http://www.w3.org/2001/XMLSchema#decimal",
                    "type":"literal",
                    "value":"180"
                },
                "mass":{
                    "datatype":"http://www.w3.org/2001/XMLSchema#decimal",
                    "type":"literal",
                    "value":"205"
                },
                "pokemonLabel":{
                    "xml:lang":"en",
                    "type":"literal",
                    "value":"Tapu Koko"
                }
            },
            {
                "pokemon":{
                    "type":"uri",
                    "value":"http://www.wikidata.org/entity/Q2291740"
                },
                "height":{
                    "datatype":"http://www.w3.org/2001/XMLSchema#decimal",
                    "type":"literal",
                    "value":"90"
                },
                "pokemonLabel":{
                    "xml:lang":"en",
                    "type":"literal",
                    "value":"Luxio"
                }
            },
            {
                "pokemon":{
                    "type":"uri",
                    "value":"http://www.wikidata.org/entity/Q2488150"
                },
                "height":{
                    "datatype":"http://www.w3.org/2001/XMLSchema#decimal",
                    "type":"literal",
                    "value":"30"
                },
                "mass":{
                    "datatype":"http://www.w3.org/2001/XMLSchema#decimal",
                    "type":"literal",
                    "value":"6"
                },
                "pokemonLabel":{
                    "xml:lang":"en",
                    "type":"literal",
                    "value":"Magnemite"
                }
            },
            {
                "pokemon":{
                    "type":"uri",
                    "value":"http://www.wikidata.org/entity/Q1069910"
                },
                "height":{
                    "datatype":"http://www.w3.org/2001/XMLSchema#decimal",
                    "type":"literal",
                    "value":"120"
                },
                "pokemonLabel":{
                    "xml:lang":"en",
                    "type":"literal",
                    "value":"Lanturn"
                }
            },
            {
                "pokemon":{
                    "type":"uri",
                    "value":"http://www.wikidata.org/entity/Q1080327"
                },
                "height":{
                    "datatype":"http://www.w3.org/2001/XMLSchema#decimal",
                    "type":"literal",
                    "value":"160"
                },
                "pokemonLabel":{
                    "xml:lang":"en",
                    "type":"literal",
                    "value":"Zapdos"
                }
            },
            {
                "pokemon":{
                    "type":"uri",
                    "value":"http://www.wikidata.org/entity/Q2251328"
                },
                "height":{
                    "datatype":"http://www.w3.org/2001/XMLSchema#decimal",
                    "type":"literal",
                    "value":"80"
                },
                "pokemonLabel":{
                    "xml:lang":"en",
                    "type":"literal",
                    "value":"Flaaffy"
                }
            },
            {
                "pokemon":{
                    "type":"uri",
                    "value":"http://www.wikidata.org/entity/Q1276295"
                },
                "height":{
                    "datatype":"http://www.w3.org/2001/XMLSchema#decimal",
                    "type":"literal",
                    "value":"80"
                },
                "pokemonLabel":{
                    "xml:lang":"en",
                    "type":"literal",
                    "value":"Jolteon"
                }
            },
            {
                "pokemon":{
                    "type":"uri",
                    "value":"http://www.wikidata.org/entity/Q2706077"
                },
                "height":{
                    "datatype":"http://www.w3.org/2001/XMLSchema#decimal",
                    "type":"literal",
                    "value":"40"
                },
                "pokemonLabel":{
                    "xml:lang":"en",
                    "type":"literal",
                    "value":"Minun"
                }
            },
            {
                "pokemon":{
                    "type":"uri",
                    "value":"http://www.wikidata.org/entity/Q2708079"
                },
                "height":{
                    "datatype":"http://www.w3.org/2001/XMLSchema#decimal",
                    "type":"literal",
                    "value":"60"
                },
                "pokemonLabel":{
                    "xml:lang":"en",
                    "type":"literal",
                    "value":"Mareep"
                }
            },
            {
                "pokemon":{
                    "type":"uri",
                    "value":"http://www.wikidata.org/entity/Q6498629"
                },
                "height":{
                    "datatype":"http://www.w3.org/2001/XMLSchema#decimal",
                    "type":"literal",
                    "value":"40"
                },
                "pokemonLabel":{
                    "xml:lang":"en",
                    "type":"literal",
                    "value":"Pachirisu"
                }
            },
            {
                "pokemon":{
                    "type":"uri",
                    "value":"http://www.wikidata.org/entity/Q16563079"
                },
                "height":{
                    "datatype":"http://www.w3.org/2001/XMLSchema#decimal",
                    "type":"literal",
                    "value":"100"
                },
                "mass":{
                    "datatype":"http://www.w3.org/2001/XMLSchema#decimal",
                    "type":"literal",
                    "value":"21"
                },
                "pokemonLabel":{
                    "xml:lang":"en",
                    "type":"literal",
                    "value":"Heliolisk"
                }
            },
            {
                "pokemon":{
                    "type":"uri",
                    "value":"http://www.wikidata.org/entity/Q56676810"
                },
                "pokemonLabel":{
                    "xml:lang":"en",
                    "type":"literal",
                    "value":"Mega Manectric"
                }
            },
            {
                "pokemon":{
                    "type":"uri",
                    "value":"http://www.wikidata.org/entity/Q2739442"
                },
                "height":{
                    "datatype":"http://www.w3.org/2001/XMLSchema#decimal",
                    "type":"literal",
                    "value":"50"
                },
                "mass":{
                    "datatype":"http://www.w3.org/2001/XMLSchema#decimal",
                    "type":"literal",
                    "value":"12"
                },
                "pokemonLabel":{
                    "xml:lang":"en",
                    "type":"literal",
                    "value":"Chinchou"
                }
            },
            {
                "pokemon":{
                    "type":"uri",
                    "value":"http://www.wikidata.org/entity/Q3809846"
                },
                "height":{
                    "datatype":"http://www.w3.org/2001/XMLSchema#decimal",
                    "type":"literal",
                    "value":"10"
                },
                "pokemonLabel":{
                    "xml:lang":"en",
                    "type":"literal",
                    "value":"Joltik"
                }
            },
            {
                "pokemon":{
                    "type":"uri",
                    "value":"http://www.wikidata.org/entity/Q2488127"
                },
                "height":{
                    "datatype":"http://www.w3.org/2001/XMLSchema#decimal",
                    "type":"literal",
                    "value":"50"
                },
                "mass":{
                    "datatype":"http://www.w3.org/2001/XMLSchema#decimal",
                    "type":"literal",
                    "value":"104"
                },
                "pokemonLabel":{
                    "xml:lang":"en",
                    "type":"literal",
                    "value":"Voltorb"
                }
            },
            {
                "pokemon":{
                    "type":"uri",
                    "value":"http://www.wikidata.org/entity/Q2090128"
                },
                "height":{
                    "datatype":"http://www.w3.org/2001/XMLSchema#decimal",
                    "type":"literal",
                    "value":"190"
                },
                "mass":{
                    "datatype":"http://www.w3.org/2001/XMLSchema#decimal",
                    "type":"literal",
                    "value":"178"
                },
                "pokemonLabel":{
                    "xml:lang":"en",
                    "type":"literal",
                    "value":"Raikou"
                }
            },
            {
                "pokemon":{
                    "type":"uri",
                    "value":"http://www.wikidata.org/entity/Q25336687"
                },
                "height":{
                    "datatype":"http://www.w3.org/2001/XMLSchema#decimal",
                    "type":"literal",
                    "value":"50"
                },
                "mass":{
                    "datatype":"http://www.w3.org/2001/XMLSchema#decimal",
                    "type":"literal",
                    "value":"105"
                },
                "pokemonLabel":{
                    "xml:lang":"en",
                    "type":"literal",
                    "value":"Charjabug"
                }
            },
            {
                "pokemon":{
                    "type":"uri",
                    "value":"http://www.wikidata.org/entity/Q25336704"
                },
                "height":{
                    "datatype":"http://www.w3.org/2001/XMLSchema#decimal",
                    "type":"literal",
                    "value":"150"
                },
                "mass":{
                    "datatype":"http://www.w3.org/2001/XMLSchema#decimal",
                    "type":"literal",
                    "value":"45"
                },
                "pokemonLabel":{
                    "xml:lang":"en",
                    "type":"literal",
                    "value":"Vikavolt"
                }
            },
            {
                "pokemon":{
                    "type":"uri",
                    "value":"http://www.wikidata.org/entity/Q2363721"
                },
                "height":{
                    "datatype":"http://www.w3.org/2001/XMLSchema#decimal",
                    "type":"literal",
                    "value":"30"
                },
                "mass":{
                    "datatype":"http://www.w3.org/2001/XMLSchema#decimal",
                    "type":"literal",
                    "value":"0.3"
                },
                "pokemonLabel":{
                    "xml:lang":"en",
                    "type":"literal",
                    "value":"Rotom"
                }
            },
            {
                "pokemon":{
                    "type":"uri",
                    "value":"http://www.wikidata.org/entity/Q2483469"
                },
                "height":{
                    "datatype":"http://www.w3.org/2001/XMLSchema#decimal",
                    "type":"literal",
                    "value":"100"
                },
                "mass":{
                    "datatype":"http://www.w3.org/2001/XMLSchema#decimal",
                    "type":"literal",
                    "value":"60"
                },
                "pokemonLabel":{
                    "xml:lang":"en",
                    "type":"literal",
                    "value":"Magneton"
                }
            },
            {
                "pokemon":{
                    "type":"uri",
                    "value":"http://www.wikidata.org/entity/Q2738494"
                },
                "height":{
                    "datatype":"http://www.w3.org/2001/XMLSchema#decimal",
                    "type":"literal",
                    "value":"40"
                },
                "pokemonLabel":{
                    "xml:lang":"en",
                    "type":"literal",
                    "value":"Plusle"
                }
            },
            {
                "pokemon":{
                    "type":"uri",
                    "value":"http://www.wikidata.org/entity/Q2739453"
                },
                "height":{
                    "datatype":"http://www.w3.org/2001/XMLSchema#decimal",
                    "type":"literal",
                    "value":"60"
                },
                "pokemonLabel":{
                    "xml:lang":"en",
                    "type":"literal",
                    "value":"Elekid"
                }
            },
            {
                "pokemon":{
                    "type":"uri",
                    "value":"http://www.wikidata.org/entity/Q2739566"
                },
                "height":{
                    "datatype":"http://www.w3.org/2001/XMLSchema#decimal",
                    "type":"literal",
                    "value":"60"
                },
                "pokemonLabel":{
                    "xml:lang":"en",
                    "type":"literal",
                    "value":"Electrike"
                }
            },
            {
                "pokemon":{
                    "type":"uri",
                    "value":"http://www.wikidata.org/entity/Q3720112"
                },
                "height":{
                    "datatype":"http://www.w3.org/2001/XMLSchema#decimal",
                    "type":"literal",
                    "value":"210"
                },
                "pokemonLabel":{
                    "xml:lang":"en",
                    "type":"literal",
                    "value":"Eelektross"
                }
            },
            {
                "pokemon":{
                    "type":"uri",
                    "value":"http://www.wikidata.org/entity/Q3724751"
                },
                "height":{
                    "datatype":"http://www.w3.org/2001/XMLSchema#decimal",
                    "type":"literal",
                    "value":"40"
                },
                "mass":{
                    "datatype":"http://www.w3.org/2001/XMLSchema#decimal",
                    "type":"literal",
                    "value":"5"
                },
                "pokemonLabel":{
                    "xml:lang":"en",
                    "type":"literal",
                    "value":"Emolga"
                }
            },
            {
                "pokemon":{
                    "type":"uri",
                    "value":"http://www.wikidata.org/entity/Q1647331"
                },
                "height":{
                    "datatype":"http://www.w3.org/2001/XMLSchema#decimal",
                    "type":"literal",
                    "value":"80"
                },
                "mass":{
                    "datatype":"http://www.w3.org/2001/XMLSchema#decimal",
                    "type":"literal",
                    "value":"30"
                },
                "pokemonLabel":{
                    "xml:lang":"en",
                    "type":"literal",
                    "value":"Raichu"
                }
            },
            {
                "pokemon":{
                    "type":"uri",
                    "value":"http://www.wikidata.org/entity/Q76879054"
                },
                "pokemonLabel":{
                    "xml:lang":"en",
                    "type":"literal",
                    "value":"Pincurchin"
                }
            },
            {
                "pokemon":{
                    "type":"uri",
                    "value":"http://www.wikidata.org/entity/Q9351"
                },
                "height":{
                    "datatype":"http://www.w3.org/2001/XMLSchema#decimal",
                    "type":"literal",
                    "value":"0.4"
                },
                "mass":{
                    "datatype":"http://www.w3.org/2001/XMLSchema#decimal",
                    "type":"literal",
                    "value":"6"
                },
                "pokemonLabel":{
                    "xml:lang":"en",
                    "type":"literal",
                    "value":"Pikachu"
                }
            },
            {
                "pokemon":{
                    "type":"uri",
                    "value":"http://www.wikidata.org/entity/Q9351"
                },
                "height":{
                    "datatype":"http://www.w3.org/2001/XMLSchema#decimal",
                    "type":"literal",
                    "value":"0.4"
                },
                "mass":{
                    "datatype":"http://www.w3.org/2001/XMLSchema#decimal",
                    "type":"literal",
                    "value":"13.2"
                },
                "pokemonLabel":{
                    "xml:lang":"en",
                    "type":"literal",
                    "value":"Pikachu"
                }
            },
            {
                "pokemon":{
                    "type":"uri",
                    "value":"http://www.wikidata.org/entity/Q3640972"
                },
                "height":{
                    "datatype":"http://www.w3.org/2001/XMLSchema#decimal",
                    "type":"literal",
                    "value":"80"
                },
                "pokemonLabel":{
                    "xml:lang":"en",
                    "type":"literal",
                    "value":"Blitzle"
                }
            },
            {
                "pokemon":{
                    "type":"uri",
                    "value":"http://www.wikidata.org/entity/Q64625010"
                },
                "height":{
                    "datatype":"http://www.w3.org/2001/XMLSchema#decimal",
                    "type":"literal",
                    "value":"0.3"
                },
                "mass":{
                    "datatype":"http://www.w3.org/2001/XMLSchema#decimal",
                    "type":"literal",
                    "value":"13.5"
                },
                "pokemonLabel":{
                    "xml:lang":"en",
                    "type":"literal",
                    "value":"Yamper"
                }
            }
        ]
    }
}