{
    "head":{
        "vars":[
            "pokemonspecies",
            "pokemonspeciesLabel",
            "sample",
            "speciescount"
        ]
    },
    "results":{
        "bindings":[
            {
                "pokemonspecies":{
                    "type":"uri",
                    "value":"http://www.wikidata.org/entity/Q5996279"
                },
                "pokemonspeciesLabel":{
                    "xml:lang":"en",
                    "type":"literal",
                    "value":"???-type Pok\u00e9mon"
                },
                "sample":{
                    "type":"uri",
                    "value":"http://www.wikidata.org/entity/Q1334381"
                },
                "speciescount":{
                    "datatype":"http://www.w3.org/2001/XMLSchema#integer",
                    "type":"literal",
                    "value":"1"
                }
            },
            {
                "pokemonspecies":{
                    "type":"uri",
                    "value":"http://www.wikidata.org/entity/Q3966183"
                },
                "pokemonspeciesLabel":{
                    "xml:lang":"en",
                    "type":"literal",
                    "value":"Pok\u00e9mon species"
                },
                "sample":{
                    "type":"uri",
                    "value":"http://www.wikidata.org/entity/Q1070682"
                },
                "speciescount":{
                    "datatype":"http://www.w3.org/2001/XMLSchema#integer",
                    "type":"literal",
                    "value":"4"
                }
            },
            {
                "pokemonspecies":{
                    "type":"uri",
                    "value":"http://www.wikidata.org/entity/Q26897926"
                },
                "pokemonspeciesLabel":{
                    "xml:lang":"en",
                    "type":"literal",
                    "value":"Ultra Beast"
                },
                "sample":{
                    "type":"uri",
                    "value":"http://www.wikidata.org/entity/Q26820618"
                },
                "speciescount":{
                    "datatype":"http://www.w3.org/2001/XMLSchema#integer",
                    "type":"literal",
                    "value":"11"
                }
            },
            {
                "pokemonspecies":{
                    "type":"uri",
                    "value":"http://www.wikidata.org/entity/Q15141638"
                },
                "pokemonspeciesLabel":{
                    "xml:lang":"en",
                    "type":"literal",
                    "value":"starter Pok\u00e9mon"
                },
                "sample":{
                    "type":"uri",
                    "value":"http://www.wikidata.org/entity/Q31859"
                },
                "speciescount":{
                    "datatype":"http://www.w3.org/2001/XMLSchema#integer",
                    "type":"literal",
                    "value":"24"
                }
            },
            {
                "pokemonspecies":{
                    "type":"uri",
                    "value":"http://www.wikidata.org/entity/Q25930752"
                },
                "pokemonspeciesLabel":{
                    "xml:lang":"en",
                    "type":"literal",
                    "value":"ice-type Pok\u00e9mon"
                },
                "sample":{
                    "type":"uri",
                    "value":"http://www.wikidata.org/entity/Q1293591"
                },
                "speciescount":{
                    "datatype":"http://www.w3.org/2001/XMLSchema#integer",
                    "type":"literal",
                    "value":"38"
                }
            },
            {
                "pokemonspecies":{
                    "type":"uri",
                    "value":"http://www.wikidata.org/entity/Q25930813"
                },
                "pokemonspeciesLabel":{
                    "xml:lang":"en",
                    "type":"literal",
                    "value":"steel-type Pok\u00e9mon"
                },
                "sample":{
                    "type":"uri",
                    "value":"http://www.wikidata.org/entity/Q1062055"
                },
                "speciescount":{
                    "datatype":"http://www.w3.org/2001/XMLSchema#integer",
                    "type":"literal",
                    "value":"42"
                }
            },
            {
                "pokemonspecies":{
                    "type":"uri",
                    "value":"http://www.wikidata.org/entity/Q25930806"
                },
                "pokemonspeciesLabel":{
                    "xml:lang":"en",
                    "type":"literal",
                    "value":"ghost-type Pok\u00e9mon"
                },
                "sample":{
                    "type":"uri",
                    "value":"http://www.wikidata.org/entity/Q1334381"
                },
                "speciescount":{
                    "datatype":"http://www.w3.org/2001/XMLSchema#integer",
                    "type":"literal",
                    "value":"52"
                }
            },
            {
                "pokemonspecies":{
                    "type":"uri",
                    "value":"http://www.wikidata.org/entity/Q25930814"
                },
                "pokemonspeciesLabel":{
                    "xml:lang":"en",
                    "type":"literal",
                    "value":"fairy-type Pok\u00e9mon"
                },
                "sample":{
                    "type":"uri",
                    "value":"http://www.wikidata.org/entity/Q960615"
                },
                "speciescount":{
                    "datatype":"http://www.w3.org/2001/XMLSchema#integer",
                    "type":"literal",
                    "value":"54"
                }
            },
            {
                "pokemonspecies":{
                    "type":"uri",
                    "value":"http://www.wikidata.org/entity/Q25930719"
                },
                "pokemonspeciesLabel":{
                    "xml:lang":"en",
                    "type":"literal",
                    "value":"electric-type Pok\u00e9mon"
                },
                "sample":{
                    "type":"uri",
                    "value":"http://www.wikidata.org/entity/Q9351"
                },
                "speciescount":{
                    "datatype":"http://www.w3.org/2001/XMLSchema#integer",
                    "type":"literal",
                    "value":"57"
                }
            },
            {
                "pokemonspecies":{
                    "type":"uri",
                    "value":"http://www.wikidata.org/entity/Q25930759"
                },
                "pokemonspeciesLabel":{
                    "xml:lang":"en",
                    "type":"literal",
                    "value":"dragon-type Pok\u00e9mon"
                },
                "sample":{
                    "type":"uri",
                    "value":"http://www.wikidata.org/entity/Q1049265"
                },
                "speciescount":{
                    "datatype":"http://www.w3.org/2001/XMLSchema#integer",
                    "type":"literal",
                    "value":"59"
                }
            },
            {
                "pokemonspecies":{
                    "type":"uri",
                    "value":"http://www.wikidata.org/entity/Q25930811"
                },
                "pokemonspeciesLabel":{
                    "xml:lang":"en",
                    "type":"literal",
                    "value":"dark-type Pok\u00e9mon"
                },
                "sample":{
                    "type":"uri",
                    "value":"http://www.wikidata.org/entity/Q1156259"
                },
                "speciescount":{
                    "datatype":"http://www.w3.org/2001/XMLSchema#integer",
                    "type":"literal",
                    "value":"59"
                }
            },
            {
                "pokemonspecies":{
                    "type":"uri",
                    "value":"http://www.wikidata.org/entity/Q25930532"
                },
                "pokemonspeciesLabel":{
                    "xml:lang":"en",
                    "type":"literal",
                    "value":"fighting-type Pok\u00e9mon"
                },
                "sample":{
                    "type":"uri",
                    "value":"http://www.wikidata.org/entity/Q1154303"
                },
                "speciescount":{
                    "datatype":"http://www.w3.org/2001/XMLSchema#integer",
                    "type":"literal",
                    "value":"65"
                }
            },
            {
                "pokemonspecies":{
                    "type":"uri",
                    "value":"http://www.wikidata.org/entity/Q25930744"
                },
                "pokemonspeciesLabel":{
                    "xml:lang":"en",
                    "type":"literal",
                    "value":"rock-type Pok\u00e9mon"
                },
                "sample":{
                    "type":"uri",
                    "value":"http://www.wikidata.org/entity/Q1266682"
                },
                "speciescount":{
                    "datatype":"http://www.w3.org/2001/XMLSchema#integer",
                    "type":"literal",
                    "value":"66"
                }
            },
            {
                "pokemonspecies":{
                    "type":"uri",
                    "value":"http://www.wikidata.org/entity/Q25930717"
                },
                "pokemonspeciesLabel":{
                    "xml:lang":"en",
                    "type":"literal",
                    "value":"poison-type Pok\u00e9mon"
                },
                "sample":{
                    "type":"uri",
                    "value":"http://www.wikidata.org/entity/Q847571"
                },
                "speciescount":{
                    "datatype":"http://www.w3.org/2001/XMLSchema#integer",
                    "type":"literal",
                    "value":"70"
                }
            },
            {
                "pokemonspecies":{
                    "type":"uri",
                    "value":"http://www.wikidata.org/entity/Q25930733"
                },
                "pokemonspeciesLabel":{
                    "xml:lang":"en",
                    "type":"literal",
                    "value":"ground-type Pok\u00e9mon"
                },
                "sample":{
                    "type":"uri",
                    "value":"http://www.wikidata.org/entity/Q1074576"
                },
                "speciescount":{
                    "datatype":"http://www.w3.org/2001/XMLSchema#integer",
                    "type":"literal",
                    "value":"73"
                }
            },
            {
                "pokemonspecies":{
                    "type":"uri",
                    "value":"http://www.wikidata.org/entity/Q25930490"
                },
                "pokemonspeciesLabel":{
                    "xml:lang":"en",
                    "type":"literal",
                    "value":"fire-type Pok\u00e9mon"
                },
                "sample":{
                    "type":"uri",
                    "value":"http://www.wikidata.org/entity/Q844940"
                },
                "speciescount":{
                    "datatype":"http://www.w3.org/2001/XMLSchema#integer",
                    "type":"literal",
                    "value":"76"
                }
            },
            {
                "pokemonspecies":{
                    "type":"uri",
                    "value":"http://www.wikidata.org/entity/Q25930757"
                },
                "pokemonspeciesLabel":{
                    "xml:lang":"en",
                    "type":"literal",
                    "value":"bug-type Pok\u00e9mon"
                },
                "sample":{
                    "type":"uri",
                    "value":"http://www.wikidata.org/entity/Q1062028"
                },
                "speciescount":{
                    "datatype":"http://www.w3.org/2001/XMLSchema#integer",
                    "type":"literal",
                    "value":"86"
                }
            },
            {
                "pokemonspecies":{
                    "type":"uri",
                    "value":"http://www.wikidata.org/entity/Q25930740"
                },
                "pokemonspeciesLabel":{
                    "xml:lang":"en",
                    "type":"literal",
                    "value":"psychic-type Pok\u00e9mon"
                },
                "sample":{
                    "type":"uri",
                    "value":"http://www.wikidata.org/entity/Q82598"
                },
                "speciescount":{
                    "datatype":"http://www.w3.org/2001/XMLSchema#integer",
                    "type":"literal",
                    "value":"101"
                }
            },
            {
                "pokemonspecies":{
                    "type":"uri",
                    "value":"http://www.wikidata.org/entity/Q25930653"
                },
                "pokemonspeciesLabel":{
                    "xml:lang":"en",
                    "type":"literal",
                    "value":"grass-type Pok\u00e9mon"
                },
                "sample":{
                    "type":"uri",
                    "value":"http://www.wikidata.org/entity/Q32006"
                },
                "speciescount":{
                    "datatype":"http://www.w3.org/2001/XMLSchema#integer",
                    "type":"literal",
                    "value":"109"
                }
            },
            {
                "pokemonspecies":{
                    "type":"uri",
                    "value":"http://www.wikidata.org/entity/Q25930493"
                },
                "pokemonspeciesLabel":{
                    "xml:lang":"en",
                    "type":"literal",
                    "value":"flying-type Pok\u00e9mon"
                },
                "sample":{
                    "type":"uri",
                    "value":"http://www.wikidata.org/entity/Q284239"
                },
                "speciescount":{
                    "datatype":"http://www.w3.org/2001/XMLSchema#integer",
                    "type":"literal",
                    "value":"112"
                }
            },
            {
                "pokemonspecies":{
                    "type":"uri",
                    "value":"http://www.wikidata.org/entity/Q25930498"
                },
                "pokemonspeciesLabel":{
                    "xml:lang":"en",
                    "type":"literal",
                    "value":"normal-type Pok\u00e9mon"
                },
                "sample":{
                    "type":"uri",
                    "value":"http://www.wikidata.org/entity/Q284239"
                },
                "speciescount":{
                    "datatype":"http://www.w3.org/2001/XMLSchema#integer",
                    "type":"literal",
                    "value":"125"
                }
            },
            {
                "pokemonspecies":{
                    "type":"uri",
                    "value":"http://www.wikidata.org/entity/Q25930495"
                },
                "pokemonspeciesLabel":{
                    "xml:lang":"en",
                    "type":"literal",
                    "value":"water-type Pok\u00e9mon"
                },
                "sample":{
                    "type":"uri",
                    "value":"http://www.wikidata.org/entity/Q31859"
                },
                "speciescount":{
                    "datatype":"http://www.w3.org/2001/XMLSchema#integer",
                    "type":"literal",
                    "value":"137"
                }
            }
        ]
    }
}