{
    "head":{
        "vars":[
            "species",
            "speciesLabel",
            "avg_height",
            "avg_mass"
        ]
    },
    "results":{
        "bindings":[
            {
                "species":{
                    "type":"uri",
                    "value":"http://www.wikidata.org/entity/Q3966183"
                },
                "speciesLabel":{
                    "xml:lang":"en",
                    "type":"literal",
                    "value":"Pok\u00e9mon species"
                }
            },
            {
                "species":{
                    "type":"uri",
                    "value":"http://www.wikidata.org/entity/Q25930493"
                },
                "speciesLabel":{
                    "xml:lang":"en",
                    "type":"literal",
                    "value":"flying-type Pok\u00e9mon"
                },
                "avg_height":{
                    "datatype":"http://www.w3.org/2001/XMLSchema#decimal",
                    "type":"literal",
                    "value":"138"
                },
                "avg_mass":{
                    "datatype":"http://www.w3.org/2001/XMLSchema#decimal",
                    "type":"literal",
                    "value":"103"
                }
            },
            {
                "species":{
                    "type":"uri",
                    "value":"http://www.wikidata.org/entity/Q25930532"
                },
                "speciesLabel":{
                    "xml:lang":"en",
                    "type":"literal",
                    "value":"fighting-type Pok\u00e9mon"
                },
                "avg_height":{
                    "datatype":"http://www.w3.org/2001/XMLSchema#decimal",
                    "type":"literal",
                    "value":"136"
                },
                "avg_mass":{
                    "datatype":"http://www.w3.org/2001/XMLSchema#decimal",
                    "type":"literal",
                    "value":"103"
                }
            },
            {
                "species":{
                    "type":"uri",
                    "value":"http://www.wikidata.org/entity/Q25930757"
                },
                "speciesLabel":{
                    "xml:lang":"en",
                    "type":"literal",
                    "value":"bug-type Pok\u00e9mon"
                },
                "avg_height":{
                    "datatype":"http://www.w3.org/2001/XMLSchema#decimal",
                    "type":"literal",
                    "value":"102"
                },
                "avg_mass":{
                    "datatype":"http://www.w3.org/2001/XMLSchema#decimal",
                    "type":"literal",
                    "value":"75"
                }
            },
            {
                "species":{
                    "type":"uri",
                    "value":"http://www.wikidata.org/entity/Q5996279"
                },
                "speciesLabel":{
                    "xml:lang":"en",
                    "type":"literal",
                    "value":"???-type Pok\u00e9mon"
                },
                "avg_height":{
                    "datatype":"http://www.w3.org/2001/XMLSchema#decimal",
                    "type":"literal",
                    "value":"320"
                },
                "avg_mass":{
                    "datatype":"http://www.w3.org/2001/XMLSchema#decimal",
                    "type":"literal",
                    "value":"320"
                }
            },
            {
                "species":{
                    "type":"uri",
                    "value":"http://www.wikidata.org/entity/Q26897926"
                },
                "speciesLabel":{
                    "xml:lang":"en",
                    "type":"literal",
                    "value":"Ultra Beast"
                },
                "avg_height":{
                    "datatype":"http://www.w3.org/2001/XMLSchema#decimal",
                    "type":"literal",
                    "value":"3"
                },
                "avg_mass":{
                    "datatype":"http://www.w3.org/2001/XMLSchema#decimal",
                    "type":"literal",
                    "value":"246"
                }
            },
            {
                "species":{
                    "type":"uri",
                    "value":"http://www.wikidata.org/entity/Q25930811"
                },
                "speciesLabel":{
                    "xml:lang":"en",
                    "type":"literal",
                    "value":"dark-type Pok\u00e9mon"
                },
                "avg_height":{
                    "datatype":"http://www.w3.org/2001/XMLSchema#decimal",
                    "type":"literal",
                    "value":"131"
                },
                "avg_mass":{
                    "datatype":"http://www.w3.org/2001/XMLSchema#decimal",
                    "type":"literal",
                    "value":"118"
                }
            },
            {
                "species":{
                    "type":"uri",
                    "value":"http://www.wikidata.org/entity/Q15141638"
                },
                "speciesLabel":{
                    "xml:lang":"en",
                    "type":"literal",
                    "value":"starter Pok\u00e9mon"
                },
                "avg_height":{
                    "datatype":"http://www.w3.org/2001/XMLSchema#decimal",
                    "type":"literal",
                    "value":"28"
                },
                "avg_mass":{
                    "datatype":"http://www.w3.org/2001/XMLSchema#decimal",
                    "type":"literal",
                    "value":"21"
                }
            },
            {
                "species":{
                    "type":"uri",
                    "value":"http://www.wikidata.org/entity/Q25930740"
                },
                "speciesLabel":{
                    "xml:lang":"en",
                    "type":"literal",
                    "value":"psychic-type Pok\u00e9mon"
                },
                "avg_height":{
                    "datatype":"http://www.w3.org/2001/XMLSchema#decimal",
                    "type":"literal",
                    "value":"124"
                },
                "avg_mass":{
                    "datatype":"http://www.w3.org/2001/XMLSchema#decimal",
                    "type":"literal",
                    "value":"118"
                }
            },
            {
                "species":{
                    "type":"uri",
                    "value":"http://www.wikidata.org/entity/Q25930752"
                },
                "speciesLabel":{
                    "xml:lang":"en",
                    "type":"literal",
                    "value":"ice-type Pok\u00e9mon"
                },
                "avg_height":{
                    "datatype":"http://www.w3.org/2001/XMLSchema#decimal",
                    "type":"literal",
                    "value":"176"
                },
                "avg_mass":{
                    "datatype":"http://www.w3.org/2001/XMLSchema#decimal",
                    "type":"literal",
                    "value":"295"
                }
            },
            {
                "species":{
                    "type":"uri",
                    "value":"http://www.wikidata.org/entity/Q25930806"
                },
                "speciesLabel":{
                    "xml:lang":"en",
                    "type":"literal",
                    "value":"ghost-type Pok\u00e9mon"
                },
                "avg_height":{
                    "datatype":"http://www.w3.org/2001/XMLSchema#decimal",
                    "type":"literal",
                    "value":"135"
                },
                "avg_mass":{
                    "datatype":"http://www.w3.org/2001/XMLSchema#decimal",
                    "type":"literal",
                    "value":"97"
                }
            },
            {
                "species":{
                    "type":"uri",
                    "value":"http://www.wikidata.org/entity/Q25930490"
                },
                "speciesLabel":{
                    "xml:lang":"en",
                    "type":"literal",
                    "value":"fire-type Pok\u00e9mon"
                },
                "avg_height":{
                    "datatype":"http://www.w3.org/2001/XMLSchema#decimal",
                    "type":"literal",
                    "value":"120"
                },
                "avg_mass":{
                    "datatype":"http://www.w3.org/2001/XMLSchema#decimal",
                    "type":"literal",
                    "value":"121"
                }
            },
            {
                "species":{
                    "type":"uri",
                    "value":"http://www.wikidata.org/entity/Q25930717"
                },
                "speciesLabel":{
                    "xml:lang":"en",
                    "type":"literal",
                    "value":"poison-type Pok\u00e9mon"
                },
                "avg_height":{
                    "datatype":"http://www.w3.org/2001/XMLSchema#decimal",
                    "type":"literal",
                    "value":"96"
                },
                "avg_mass":{
                    "datatype":"http://www.w3.org/2001/XMLSchema#decimal",
                    "type":"literal",
                    "value":"56"
                }
            },
            {
                "species":{
                    "type":"uri",
                    "value":"http://www.wikidata.org/entity/Q25930733"
                },
                "speciesLabel":{
                    "xml:lang":"en",
                    "type":"literal",
                    "value":"ground-type Pok\u00e9mon"
                },
                "avg_height":{
                    "datatype":"http://www.w3.org/2001/XMLSchema#decimal",
                    "type":"literal",
                    "value":"177"
                },
                "avg_mass":{
                    "datatype":"http://www.w3.org/2001/XMLSchema#decimal",
                    "type":"literal",
                    "value":"205"
                }
            },
            {
                "species":{
                    "type":"uri",
                    "value":"http://www.wikidata.org/entity/Q25930744"
                },
                "speciesLabel":{
                    "xml:lang":"en",
                    "type":"literal",
                    "value":"rock-type Pok\u00e9mon"
                },
                "avg_height":{
                    "datatype":"http://www.w3.org/2001/XMLSchema#decimal",
                    "type":"literal",
                    "value":"130"
                },
                "avg_mass":{
                    "datatype":"http://www.w3.org/2001/XMLSchema#decimal",
                    "type":"literal",
                    "value":"145"
                }
            },
            {
                "species":{
                    "type":"uri",
                    "value":"http://www.wikidata.org/entity/Q25930498"
                },
                "speciesLabel":{
                    "xml:lang":"en",
                    "type":"literal",
                    "value":"normal-type Pok\u00e9mon"
                },
                "avg_height":{
                    "datatype":"http://www.w3.org/2001/XMLSchema#decimal",
                    "type":"literal",
                    "value":"104"
                },
                "avg_mass":{
                    "datatype":"http://www.w3.org/2001/XMLSchema#decimal",
                    "type":"literal",
                    "value":"164"
                }
            },
            {
                "species":{
                    "type":"uri",
                    "value":"http://www.wikidata.org/entity/Q25930759"
                },
                "speciesLabel":{
                    "xml:lang":"en",
                    "type":"literal",
                    "value":"dragon-type Pok\u00e9mon"
                },
                "avg_height":{
                    "datatype":"http://www.w3.org/2001/XMLSchema#decimal",
                    "type":"literal",
                    "value":"196"
                },
                "avg_mass":{
                    "datatype":"http://www.w3.org/2001/XMLSchema#decimal",
                    "type":"literal",
                    "value":"184"
                }
            },
            {
                "species":{
                    "type":"uri",
                    "value":"http://www.wikidata.org/entity/Q25930813"
                },
                "speciesLabel":{
                    "xml:lang":"en",
                    "type":"literal",
                    "value":"steel-type Pok\u00e9mon"
                },
                "avg_height":{
                    "datatype":"http://www.w3.org/2001/XMLSchema#decimal",
                    "type":"literal",
                    "value":"90"
                },
                "avg_mass":{
                    "datatype":"http://www.w3.org/2001/XMLSchema#decimal",
                    "type":"literal",
                    "value":"256"
                }
            },
            {
                "species":{
                    "type":"uri",
                    "value":"http://www.wikidata.org/entity/Q25930495"
                },
                "speciesLabel":{
                    "xml:lang":"en",
                    "type":"literal",
                    "value":"water-type Pok\u00e9mon"
                },
                "avg_height":{
                    "datatype":"http://www.w3.org/2001/XMLSchema#decimal",
                    "type":"literal",
                    "value":"151"
                },
                "avg_mass":{
                    "datatype":"http://www.w3.org/2001/XMLSchema#decimal",
                    "type":"literal",
                    "value":"116"
                }
            },
            {
                "species":{
                    "type":"uri",
                    "value":"http://www.wikidata.org/entity/Q25930653"
                },
                "speciesLabel":{
                    "xml:lang":"en",
                    "type":"literal",
                    "value":"grass-type Pok\u00e9mon"
                },
                "avg_height":{
                    "datatype":"http://www.w3.org/2001/XMLSchema#decimal",
                    "type":"literal",
                    "value":"105"
                },
                "avg_mass":{
                    "datatype":"http://www.w3.org/2001/XMLSchema#decimal",
                    "type":"literal",
                    "value":"120"
                }
            },
            {
                "species":{
                    "type":"uri",
                    "value":"http://www.wikidata.org/entity/Q25930719"
                },
                "speciesLabel":{
                    "xml:lang":"en",
                    "type":"literal",
                    "value":"electric-type Pok\u00e9mon"
                },
                "avg_height":{
                    "datatype":"http://www.w3.org/2001/XMLSchema#decimal",
                    "type":"literal",
                    "value":"87"
                },
                "avg_mass":{
                    "datatype":"http://www.w3.org/2001/XMLSchema#decimal",
                    "type":"literal",
                    "value":"85"
                }
            },
            {
                "species":{
                    "type":"uri",
                    "value":"http://www.wikidata.org/entity/Q25930814"
                },
                "speciesLabel":{
                    "xml:lang":"en",
                    "type":"literal",
                    "value":"fairy-type Pok\u00e9mon"
                },
                "avg_height":{
                    "datatype":"http://www.w3.org/2001/XMLSchema#decimal",
                    "type":"literal",
                    "value":"88"
                },
                "avg_mass":{
                    "datatype":"http://www.w3.org/2001/XMLSchema#decimal",
                    "type":"literal",
                    "value":"109"
                }
            }
        ]
    }
}