{
    "head":{
        "vars":[
            "x",
            "xLabel"
        ]
    },
    "results":{
        "bindings":[
            {
                "x":{
                    "type":"uri",
                    "value":"http://www.wikidata.org/entity/Q3107126"
                },
                "xLabel":{
                    "xml:lang":"en",
                    "type":"literal",
                    "value":"Giovanni Carafa, Duke of Paliano"
                }
            },
            {
                "x":{
                    "type":"uri",
                    "value":"http://www.wikidata.org/entity/Q433689"
                },
                "xLabel":{
                    "xml:lang":"en",
                    "type":"literal",
                    "value":"Countess Franziska Kinsky of Wchinitz and Tettau"
                }
            },
            {
                "x":{
                    "type":"uri",
                    "value":"http://www.wikidata.org/entity/Q9157678"
                },
                "xLabel":{
                    "xml:lang":"en",
                    "type":"literal",
                    "value":"Antoni Zabie\u0142\u0142o"
                }
            },
            {
                "x":{
                    "type":"uri",
                    "value":"http://www.wikidata.org/entity/Q28108830"
                },
                "xLabel":{
                    "xml:lang":"en",
                    "type":"literal",
                    "value":"Princess Anna of Liechtenstein"
                }
            },
            {
                "x":{
                    "type":"uri",
                    "value":"http://www.wikidata.org/entity/Q5827342"
                },
                "xLabel":{
                    "xml:lang":"en",
                    "type":"literal",
                    "value":"Elba Ber\u00f3n"
                }
            },
            {
                "x":{
                    "type":"uri",
                    "value":"http://www.wikidata.org/entity/Q6219112"
                },
                "xLabel":{
                    "xml:lang":"en",
                    "type":"literal",
                    "value":"John Angerstein"
                }
            },
            {
                "x":{
                    "type":"uri",
                    "value":"http://www.wikidata.org/entity/Q11779373"
                },
                "xLabel":{
                    "xml:lang":"en",
                    "type":"literal",
                    "value":"Micha\u0142 Zabie\u0142\u0142o"
                }
            },
            {
                "x":{
                    "type":"uri",
                    "value":"http://www.wikidata.org/entity/Q45553773"
                },
                "xLabel":{
                    "xml:lang":"en",
                    "type":"literal",
                    "value":"Pei Ji"
                }
            },
            {
                "x":{
                    "type":"uri",
                    "value":"http://www.wikidata.org/entity/Q45366388"
                },
                "xLabel":{
                    "xml:lang":"en",
                    "type":"literal",
                    "value":"Guo Kui"
                }
            },
            {
                "x":{
                    "type":"uri",
                    "value":"http://www.wikidata.org/entity/Q45414585"
                },
                "xLabel":{
                    "xml:lang":"en",
                    "type":"literal",
                    "value":"Wu Zhi"
                }
            },
            {
                "x":{
                    "type":"uri",
                    "value":"http://www.wikidata.org/entity/Q45482551"
                },
                "xLabel":{
                    "xml:lang":"en",
                    "type":"literal",
                    "value":"Zhang Xian"
                }
            },
            {
                "x":{
                    "type":"uri",
                    "value":"http://www.wikidata.org/entity/Q45553836"
                },
                "xLabel":{
                    "xml:lang":"en",
                    "type":"literal",
                    "value":"Pei Shuang"
                }
            },
            {
                "x":{
                    "type":"uri",
                    "value":"http://www.wikidata.org/entity/Q45564025"
                },
                "xLabel":{
                    "xml:lang":"en",
                    "type":"literal",
                    "value":"Gong Mingyu"
                }
            },
            {
                "x":{
                    "type":"uri",
                    "value":"http://www.wikidata.org/entity/Q45564088"
                },
                "xLabel":{
                    "xml:lang":"en",
                    "type":"literal",
                    "value":"Gong Wenyue"
                }
            },
            {
                "x":{
                    "type":"uri",
                    "value":"http://www.wikidata.org/entity/Q45626807"
                },
                "xLabel":{
                    "xml:lang":"en",
                    "type":"literal",
                    "value":"Lu Cong"
                }
            },
            {
                "x":{
                    "type":"uri",
                    "value":"http://www.wikidata.org/entity/Q45482488"
                },
                "xLabel":{
                    "xml:lang":"en",
                    "type":"literal",
                    "value":"Zhang Yanxing"
                }
            },
            {
                "x":{
                    "type":"uri",
                    "value":"http://www.wikidata.org/entity/Q45616423"
                },
                "xLabel":{
                    "xml:lang":"en",
                    "type":"literal",
                    "value":"Mou Zhongzhen"
                }
            },
            {
                "x":{
                    "type":"uri",
                    "value":"http://www.wikidata.org/entity/Q45635626"
                },
                "xLabel":{
                    "xml:lang":"en",
                    "type":"literal",
                    "value":"Zhao Hongshen"
                }
            },
            {
                "x":{
                    "type":"uri",
                    "value":"http://www.wikidata.org/entity/Q55796880"
                },
                "xLabel":{
                    "type":"literal",
                    "value":"Q55796880"
                }
            },
            {
                "x":{
                    "type":"uri",
                    "value":"http://www.wikidata.org/entity/Q45582221"
                },
                "xLabel":{
                    "xml:lang":"en",
                    "type":"literal",
                    "value":"Zhao Huotou"
                }
            },
            {
                "x":{
                    "type":"uri",
                    "value":"http://www.wikidata.org/entity/Q45616237"
                },
                "xLabel":{
                    "xml:lang":"en",
                    "type":"literal",
                    "value":"Mou Shiru"
                }
            },
            {
                "x":{
                    "type":"uri",
                    "value":"http://www.wikidata.org/entity/Q66764608"
                },
                "xLabel":{
                    "type":"literal",
                    "value":"Q66764608"
                }
            },
            {
                "x":{
                    "type":"uri",
                    "value":"http://www.wikidata.org/entity/Q45626303"
                },
                "xLabel":{
                    "xml:lang":"en",
                    "type":"literal",
                    "value":"Lu Nanjin"
                }
            }
        ]
    }
}