{
    "head":{
        "vars":[
            "child",
            "childLabel"
        ]
    },
    "results":{
        "bindings":[
            {
                "child":{
                    "type":"uri",
                    "value":"http://www.wikidata.org/entity/Q239411"
                },
                "childLabel":{
                    "xml:lang":"en",
                    "type":"literal",
                    "value":"Ivanka Trump"
                }
            },
            {
                "child":{
                    "type":"uri",
                    "value":"http://www.wikidata.org/entity/Q3713655"
                },
                "childLabel":{
                    "xml:lang":"en",
                    "type":"literal",
                    "value":"Donald Trump Jr."
                }
            },
            {
                "child":{
                    "type":"uri",
                    "value":"http://www.wikidata.org/entity/Q3731533"
                },
                "childLabel":{
                    "xml:lang":"en",
                    "type":"literal",
                    "value":"Eric Trump"
                }
            },
            {
                "child":{
                    "type":"uri",
                    "value":"http://www.wikidata.org/entity/Q12071552"
                },
                "childLabel":{
                    "xml:lang":"en",
                    "type":"literal",
                    "value":"Tiffany Trump"
                }
            },
            {
                "child":{
                    "type":"uri",
                    "value":"http://www.wikidata.org/entity/Q23000814"
                },
                "childLabel":{
                    "xml:lang":"en",
                    "type":"literal",
                    "value":"Barron Trump"
                }
            }
        ]
    }
}