{
    "head":{
        "vars":[
            "child",
            "childLabel",
            "school",
            "schoolLabel"
        ]
    },
    "results":{
        "bindings":[
            {
                "child":{
                    "type":"uri",
                    "value":"http://www.wikidata.org/entity/Q239411"
                },
                "school":{
                    "type":"uri",
                    "value":"http://www.wikidata.org/entity/Q49117"
                },
                "childLabel":{
                    "xml:lang":"en",
                    "type":"literal",
                    "value":"Ivanka Trump"
                },
                "schoolLabel":{
                    "xml:lang":"en",
                    "type":"literal",
                    "value":"University of Pennsylvania"
                }
            },
            {
                "child":{
                    "type":"uri",
                    "value":"http://www.wikidata.org/entity/Q239411"
                },
                "school":{
                    "type":"uri",
                    "value":"http://www.wikidata.org/entity/Q333886"
                },
                "childLabel":{
                    "xml:lang":"en",
                    "type":"literal",
                    "value":"Ivanka Trump"
                },
                "schoolLabel":{
                    "xml:lang":"en",
                    "type":"literal",
                    "value":"Georgetown University"
                }
            },
            {
                "child":{
                    "type":"uri",
                    "value":"http://www.wikidata.org/entity/Q239411"
                },
                "school":{
                    "type":"uri",
                    "value":"http://www.wikidata.org/entity/Q1329269"
                },
                "childLabel":{
                    "xml:lang":"en",
                    "type":"literal",
                    "value":"Ivanka Trump"
                },
                "schoolLabel":{
                    "xml:lang":"en",
                    "type":"literal",
                    "value":"The Wharton School"
                }
            },
            {
                "child":{
                    "type":"uri",
                    "value":"http://www.wikidata.org/entity/Q239411"
                },
                "school":{
                    "type":"uri",
                    "value":"http://www.wikidata.org/entity/Q5073177"
                },
                "childLabel":{
                    "xml:lang":"en",
                    "type":"literal",
                    "value":"Ivanka Trump"
                },
                "schoolLabel":{
                    "xml:lang":"en",
                    "type":"literal",
                    "value":"Chapin School"
                }
            },
            {
                "child":{
                    "type":"uri",
                    "value":"http://www.wikidata.org/entity/Q239411"
                },
                "school":{
                    "type":"uri",
                    "value":"http://www.wikidata.org/entity/Q5103452"
                },
                "childLabel":{
                    "xml:lang":"en",
                    "type":"literal",
                    "value":"Ivanka Trump"
                },
                "schoolLabel":{
                    "xml:lang":"en",
                    "type":"literal",
                    "value":"Choate Rosemary Hall"
                }
            },
            {
                "child":{
                    "type":"uri",
                    "value":"http://www.wikidata.org/entity/Q3713655"
                },
                "school":{
                    "type":"uri",
                    "value":"http://www.wikidata.org/entity/Q49117"
                },
                "childLabel":{
                    "xml:lang":"en",
                    "type":"literal",
                    "value":"Donald Trump Jr."
                },
                "schoolLabel":{
                    "xml:lang":"en",
                    "type":"literal",
                    "value":"University of Pennsylvania"
                }
            },
            {
                "child":{
                    "type":"uri",
                    "value":"http://www.wikidata.org/entity/Q3713655"
                },
                "school":{
                    "type":"uri",
                    "value":"http://www.wikidata.org/entity/Q1329269"
                },
                "childLabel":{
                    "xml:lang":"en",
                    "type":"literal",
                    "value":"Donald Trump Jr."
                },
                "schoolLabel":{
                    "xml:lang":"en",
                    "type":"literal",
                    "value":"The Wharton School"
                }
            },
            {
                "child":{
                    "type":"uri",
                    "value":"http://www.wikidata.org/entity/Q3713655"
                },
                "school":{
                    "type":"uri",
                    "value":"http://www.wikidata.org/entity/Q4983369"
                },
                "childLabel":{
                    "xml:lang":"en",
                    "type":"literal",
                    "value":"Donald Trump Jr."
                },
                "schoolLabel":{
                    "xml:lang":"en",
                    "type":"literal",
                    "value":"Buckley School"
                }
            },
            {
                "child":{
                    "type":"uri",
                    "value":"http://www.wikidata.org/entity/Q3713655"
                },
                "school":{
                    "type":"uri",
                    "value":"http://www.wikidata.org/entity/Q7739685"
                },
                "childLabel":{
                    "xml:lang":"en",
                    "type":"literal",
                    "value":"Donald Trump Jr."
                },
                "schoolLabel":{
                    "xml:lang":"en",
                    "type":"literal",
                    "value":"The Hill School"
                }
            },
            {
                "child":{
                    "type":"uri",
                    "value":"http://www.wikidata.org/entity/Q3731533"
                },
                "school":{
                    "type":"uri",
                    "value":"http://www.wikidata.org/entity/Q333886"
                },
                "childLabel":{
                    "xml:lang":"en",
                    "type":"literal",
                    "value":"Eric Trump"
                },
                "schoolLabel":{
                    "xml:lang":"en",
                    "type":"literal",
                    "value":"Georgetown University"
                }
            },
            {
                "child":{
                    "type":"uri",
                    "value":"http://www.wikidata.org/entity/Q3731533"
                },
                "school":{
                    "type":"uri",
                    "value":"http://www.wikidata.org/entity/Q7842961"
                },
                "childLabel":{
                    "xml:lang":"en",
                    "type":"literal",
                    "value":"Eric Trump"
                },
                "schoolLabel":{
                    "xml:lang":"en",
                    "type":"literal",
                    "value":"Trinity School"
                }
            },
            {
                "child":{
                    "type":"uri",
                    "value":"http://www.wikidata.org/entity/Q12071552"
                },
                "school":{
                    "type":"uri",
                    "value":"http://www.wikidata.org/entity/Q49117"
                },
                "childLabel":{
                    "xml:lang":"en",
                    "type":"literal",
                    "value":"Tiffany Trump"
                },
                "schoolLabel":{
                    "xml:lang":"en",
                    "type":"literal",
                    "value":"University of Pennsylvania"
                }
            },
            {
                "child":{
                    "type":"uri",
                    "value":"http://www.wikidata.org/entity/Q12071552"
                },
                "school":{
                    "type":"uri",
                    "value":"http://www.wikidata.org/entity/Q333886"
                },
                "childLabel":{
                    "xml:lang":"en",
                    "type":"literal",
                    "value":"Tiffany Trump"
                },
                "schoolLabel":{
                    "xml:lang":"en",
                    "type":"literal",
                    "value":"Georgetown University"
                }
            },
            {
                "child":{
                    "type":"uri",
                    "value":"http://www.wikidata.org/entity/Q12071552"
                },
                "school":{
                    "type":"uri",
                    "value":"http://www.wikidata.org/entity/Q846101"
                },
                "childLabel":{
                    "xml:lang":"en",
                    "type":"literal",
                    "value":"Tiffany Trump"
                },
                "schoolLabel":{
                    "xml:lang":"en",
                    "type":"literal",
                    "value":"Georgetown University Law Center"
                }
            },
            {
                "child":{
                    "type":"uri",
                    "value":"http://www.wikidata.org/entity/Q12071552"
                },
                "school":{
                    "type":"uri",
                    "value":"http://www.wikidata.org/entity/Q7928818"
                },
                "childLabel":{
                    "xml:lang":"en",
                    "type":"literal",
                    "value":"Tiffany Trump"
                },
                "schoolLabel":{
                    "xml:lang":"en",
                    "type":"literal",
                    "value":"Viewpoint School"
                }
            },
            {
                "child":{
                    "type":"uri",
                    "value":"http://www.wikidata.org/entity/Q23000814"
                },
                "school":{
                    "type":"uri",
                    "value":"http://www.wikidata.org/entity/Q5149700"
                },
                "childLabel":{
                    "xml:lang":"en",
                    "type":"literal",
                    "value":"Barron Trump"
                },
                "schoolLabel":{
                    "xml:lang":"en",
                    "type":"literal",
                    "value":"Columbia Grammar & Preparatory School"
                }
            },
            {
                "child":{
                    "type":"uri",
                    "value":"http://www.wikidata.org/entity/Q23000814"
                },
                "school":{
                    "type":"uri",
                    "value":"http://www.wikidata.org/entity/Q7586874"
                },
                "childLabel":{
                    "xml:lang":"en",
                    "type":"literal",
                    "value":"Barron Trump"
                },
                "schoolLabel":{
                    "xml:lang":"en",
                    "type":"literal",
                    "value":"St. Andrew's Episcopal School"
                }
            }
        ]
    }
}