{
    "head":{
        "vars":[
            "president",
            "presidentLabel",
            "child",
            "chileLabel",
            "school",
            "schoolLabel"
        ]
    },
    "results":{
        "bindings":[
            {
                "president":{
                    "type":"uri",
                    "value":"http://www.wikidata.org/entity/Q9916"
                },
                "child":{
                    "type":"uri",
                    "value":"http://www.wikidata.org/entity/Q538633"
                },
                "school":{
                    "type":"uri",
                    "value":"http://www.wikidata.org/entity/Q9219"
                },
                "presidentLabel":{
                    "xml:lang":"en",
                    "type":"literal",
                    "value":"Dwight D. Eisenhower"
                },
                "schoolLabel":{
                    "xml:lang":"en",
                    "type":"literal",
                    "value":"United States Military Academy"
                }
            },
            {
                "president":{
                    "type":"uri",
                    "value":"http://www.wikidata.org/entity/Q8007"
                },
                "child":{
                    "type":"uri",
                    "value":"http://www.wikidata.org/entity/Q275876"
                },
                "school":{
                    "type":"uri",
                    "value":"http://www.wikidata.org/entity/Q872541"
                },
                "presidentLabel":{
                    "xml:lang":"en",
                    "type":"literal",
                    "value":"Franklin Delano Roosevelt"
                },
                "schoolLabel":{
                    "xml:lang":"en",
                    "type":"literal",
                    "value":"Groton School"
                }
            },
            {
                "president":{
                    "type":"uri",
                    "value":"http://www.wikidata.org/entity/Q35236"
                },
                "child":{
                    "type":"uri",
                    "value":"http://www.wikidata.org/entity/Q5734467"
                },
                "school":{
                    "type":"uri",
                    "value":"http://www.wikidata.org/entity/Q41506"
                },
                "presidentLabel":{
                    "xml:lang":"en",
                    "type":"literal",
                    "value":"Herbert Hoover"
                },
                "schoolLabel":{
                    "xml:lang":"en",
                    "type":"literal",
                    "value":"Stanford University"
                }
            },
            {
                "president":{
                    "type":"uri",
                    "value":"http://www.wikidata.org/entity/Q11806"
                },
                "child":{
                    "type":"uri",
                    "value":"http://www.wikidata.org/entity/Q11816"
                },
                "school":{
                    "type":"uri",
                    "value":"http://www.wikidata.org/entity/Q13371"
                },
                "presidentLabel":{
                    "xml:lang":"en",
                    "type":"literal",
                    "value":"John Adams"
                },
                "schoolLabel":{
                    "xml:lang":"en",
                    "type":"literal",
                    "value":"Harvard University"
                }
            },
            {
                "president":{
                    "type":"uri",
                    "value":"http://www.wikidata.org/entity/Q11816"
                },
                "child":{
                    "type":"uri",
                    "value":"http://www.wikidata.org/entity/Q6218218"
                },
                "school":{
                    "type":"uri",
                    "value":"http://www.wikidata.org/entity/Q13371"
                },
                "presidentLabel":{
                    "xml:lang":"en",
                    "type":"literal",
                    "value":"John Quincy Adams"
                },
                "schoolLabel":{
                    "xml:lang":"en",
                    "type":"literal",
                    "value":"Harvard University"
                }
            },
            {
                "president":{
                    "type":"uri",
                    "value":"http://www.wikidata.org/entity/Q34597"
                },
                "child":{
                    "type":"uri",
                    "value":"http://www.wikidata.org/entity/Q4669355"
                },
                "school":{
                    "type":"uri",
                    "value":"http://www.wikidata.org/entity/Q49166"
                },
                "presidentLabel":{
                    "xml:lang":"en",
                    "type":"literal",
                    "value":"James A. Garfield"
                },
                "schoolLabel":{
                    "xml:lang":"en",
                    "type":"literal",
                    "value":"Williams College"
                }
            },
            {
                "president":{
                    "type":"uri",
                    "value":"http://www.wikidata.org/entity/Q1124"
                },
                "child":{
                    "type":"uri",
                    "value":"http://www.wikidata.org/entity/Q229671"
                },
                "school":{
                    "type":"uri",
                    "value":"http://www.wikidata.org/entity/Q81087"
                },
                "presidentLabel":{
                    "xml:lang":"en",
                    "type":"literal",
                    "value":"Bill Clinton"
                },
                "schoolLabel":{
                    "xml:lang":"en",
                    "type":"literal",
                    "value":"University College"
                }
            },
            {
                "president":{
                    "type":"uri",
                    "value":"http://www.wikidata.org/entity/Q9916"
                },
                "child":{
                    "type":"uri",
                    "value":"http://www.wikidata.org/entity/Q538633"
                },
                "school":{
                    "type":"uri",
                    "value":"http://www.wikidata.org/entity/Q1115050"
                },
                "presidentLabel":{
                    "xml:lang":"en",
                    "type":"literal",
                    "value":"Dwight D. Eisenhower"
                },
                "schoolLabel":{
                    "xml:lang":"en",
                    "type":"literal",
                    "value":"United States Army Command and General Staff College"
                }
            },
            {
                "president":{
                    "type":"uri",
                    "value":"http://www.wikidata.org/entity/Q23505"
                },
                "child":{
                    "type":"uri",
                    "value":"http://www.wikidata.org/entity/Q207"
                },
                "school":{
                    "type":"uri",
                    "value":"http://www.wikidata.org/entity/Q1432645"
                },
                "presidentLabel":{
                    "xml:lang":"en",
                    "type":"literal",
                    "value":"George H. W. Bush"
                },
                "schoolLabel":{
                    "xml:lang":"en",
                    "type":"literal",
                    "value":"Phillips Academy"
                }
            },
            {
                "president":{
                    "type":"uri",
                    "value":"http://www.wikidata.org/entity/Q34597"
                },
                "child":{
                    "type":"uri",
                    "value":"http://www.wikidata.org/entity/Q591629"
                },
                "school":{
                    "type":"uri",
                    "value":"http://www.wikidata.org/entity/Q49166"
                },
                "presidentLabel":{
                    "xml:lang":"en",
                    "type":"literal",
                    "value":"James A. Garfield"
                },
                "schoolLabel":{
                    "xml:lang":"en",
                    "type":"literal",
                    "value":"Williams College"
                }
            },
            {
                "president":{
                    "type":"uri",
                    "value":"http://www.wikidata.org/entity/Q22686"
                },
                "child":{
                    "type":"uri",
                    "value":"http://www.wikidata.org/entity/Q3713655"
                },
                "school":{
                    "type":"uri",
                    "value":"http://www.wikidata.org/entity/Q1329269"
                },
                "presidentLabel":{
                    "xml:lang":"en",
                    "type":"literal",
                    "value":"Donald Trump"
                },
                "schoolLabel":{
                    "xml:lang":"en",
                    "type":"literal",
                    "value":"The Wharton School"
                }
            },
            {
                "president":{
                    "type":"uri",
                    "value":"http://www.wikidata.org/entity/Q11806"
                },
                "child":{
                    "type":"uri",
                    "value":"http://www.wikidata.org/entity/Q7787805"
                },
                "school":{
                    "type":"uri",
                    "value":"http://www.wikidata.org/entity/Q13371"
                },
                "presidentLabel":{
                    "xml:lang":"en",
                    "type":"literal",
                    "value":"John Adams"
                },
                "schoolLabel":{
                    "xml:lang":"en",
                    "type":"literal",
                    "value":"Harvard University"
                }
            },
            {
                "president":{
                    "type":"uri",
                    "value":"http://www.wikidata.org/entity/Q34597"
                },
                "child":{
                    "type":"uri",
                    "value":"http://www.wikidata.org/entity/Q935721"
                },
                "school":{
                    "type":"uri",
                    "value":"http://www.wikidata.org/entity/Q49166"
                },
                "presidentLabel":{
                    "xml:lang":"en",
                    "type":"literal",
                    "value":"James A. Garfield"
                },
                "schoolLabel":{
                    "xml:lang":"en",
                    "type":"literal",
                    "value":"Williams College"
                }
            },
            {
                "president":{
                    "type":"uri",
                    "value":"http://www.wikidata.org/entity/Q23685"
                },
                "child":{
                    "type":"uri",
                    "value":"http://www.wikidata.org/entity/Q6111597"
                },
                "school":{
                    "type":"uri",
                    "value":"http://www.wikidata.org/entity/Q5547746"
                },
                "presidentLabel":{
                    "xml:lang":"en",
                    "type":"literal",
                    "value":"Jimmy Carter"
                },
                "schoolLabel":{
                    "xml:lang":"en",
                    "type":"literal",
                    "value":"Georgia Southwestern State University"
                }
            },
            {
                "president":{
                    "type":"uri",
                    "value":"http://www.wikidata.org/entity/Q34836"
                },
                "child":{
                    "type":"uri",
                    "value":"http://www.wikidata.org/entity/Q1344993"
                },
                "school":{
                    "type":"uri",
                    "value":"http://www.wikidata.org/entity/Q9219"
                },
                "presidentLabel":{
                    "xml:lang":"en",
                    "type":"literal",
                    "value":"Ulysses S. Grant"
                },
                "schoolLabel":{
                    "xml:lang":"en",
                    "type":"literal",
                    "value":"United States Military Academy"
                }
            },
            {
                "president":{
                    "type":"uri",
                    "value":"http://www.wikidata.org/entity/Q35171"
                },
                "child":{
                    "type":"uri",
                    "value":"http://www.wikidata.org/entity/Q27922171"
                },
                "school":{
                    "type":"uri",
                    "value":"http://www.wikidata.org/entity/Q21578"
                },
                "presidentLabel":{
                    "xml:lang":"en",
                    "type":"literal",
                    "value":"Grover Cleveland"
                },
                "schoolLabel":{
                    "xml:lang":"en",
                    "type":"literal",
                    "value":"Princeton University"
                }
            },
            {
                "president":{
                    "type":"uri",
                    "value":"http://www.wikidata.org/entity/Q23685"
                },
                "child":{
                    "type":"uri",
                    "value":"http://www.wikidata.org/entity/Q6111597"
                },
                "school":{
                    "type":"uri",
                    "value":"http://www.wikidata.org/entity/Q864855"
                },
                "presidentLabel":{
                    "xml:lang":"en",
                    "type":"literal",
                    "value":"Jimmy Carter"
                },
                "schoolLabel":{
                    "xml:lang":"en",
                    "type":"literal",
                    "value":"Georgia Institute of Technology"
                }
            },
            {
                "president":{
                    "type":"uri",
                    "value":"http://www.wikidata.org/entity/Q22686"
                },
                "child":{
                    "type":"uri",
                    "value":"http://www.wikidata.org/entity/Q12071552"
                },
                "school":{
                    "type":"uri",
                    "value":"http://www.wikidata.org/entity/Q49117"
                },
                "presidentLabel":{
                    "xml:lang":"en",
                    "type":"literal",
                    "value":"Donald Trump"
                },
                "schoolLabel":{
                    "xml:lang":"en",
                    "type":"literal",
                    "value":"University of Pennsylvania"
                }
            },
            {
                "president":{
                    "type":"uri",
                    "value":"http://www.wikidata.org/entity/Q22686"
                },
                "child":{
                    "type":"uri",
                    "value":"http://www.wikidata.org/entity/Q239411"
                },
                "school":{
                    "type":"uri",
                    "value":"http://www.wikidata.org/entity/Q1329269"
                },
                "presidentLabel":{
                    "xml:lang":"en",
                    "type":"literal",
                    "value":"Donald Trump"
                },
                "schoolLabel":{
                    "xml:lang":"en",
                    "type":"literal",
                    "value":"The Wharton School"
                }
            },
            {
                "president":{
                    "type":"uri",
                    "value":"http://www.wikidata.org/entity/Q36023"
                },
                "child":{
                    "type":"uri",
                    "value":"http://www.wikidata.org/entity/Q6227035"
                },
                "school":{
                    "type":"uri",
                    "value":"http://www.wikidata.org/entity/Q49165"
                },
                "presidentLabel":{
                    "xml:lang":"en",
                    "type":"literal",
                    "value":"Calvin Coolidge"
                },
                "schoolLabel":{
                    "xml:lang":"en",
                    "type":"literal",
                    "value":"Amherst College"
                }
            },
            {
                "president":{
                    "type":"uri",
                    "value":"http://www.wikidata.org/entity/Q22686"
                },
                "child":{
                    "type":"uri",
                    "value":"http://www.wikidata.org/entity/Q3713655"
                },
                "school":{
                    "type":"uri",
                    "value":"http://www.wikidata.org/entity/Q49117"
                },
                "presidentLabel":{
                    "xml:lang":"en",
                    "type":"literal",
                    "value":"Donald Trump"
                },
                "schoolLabel":{
                    "xml:lang":"en",
                    "type":"literal",
                    "value":"University of Pennsylvania"
                }
            },
            {
                "president":{
                    "type":"uri",
                    "value":"http://www.wikidata.org/entity/Q11806"
                },
                "child":{
                    "type":"uri",
                    "value":"http://www.wikidata.org/entity/Q5074968"
                },
                "school":{
                    "type":"uri",
                    "value":"http://www.wikidata.org/entity/Q13371"
                },
                "presidentLabel":{
                    "xml:lang":"en",
                    "type":"literal",
                    "value":"John Adams"
                },
                "schoolLabel":{
                    "xml:lang":"en",
                    "type":"literal",
                    "value":"Harvard University"
                }
            },
            {
                "president":{
                    "type":"uri",
                    "value":"http://www.wikidata.org/entity/Q35236"
                },
                "child":{
                    "type":"uri",
                    "value":"http://www.wikidata.org/entity/Q4730703"
                },
                "school":{
                    "type":"uri",
                    "value":"http://www.wikidata.org/entity/Q41506"
                },
                "presidentLabel":{
                    "xml:lang":"en",
                    "type":"literal",
                    "value":"Herbert Hoover"
                },
                "schoolLabel":{
                    "xml:lang":"en",
                    "type":"literal",
                    "value":"Stanford University"
                }
            },
            {
                "president":{
                    "type":"uri",
                    "value":"http://www.wikidata.org/entity/Q23505"
                },
                "child":{
                    "type":"uri",
                    "value":"http://www.wikidata.org/entity/Q221997"
                },
                "school":{
                    "type":"uri",
                    "value":"http://www.wikidata.org/entity/Q1432645"
                },
                "presidentLabel":{
                    "xml:lang":"en",
                    "type":"literal",
                    "value":"George H. W. Bush"
                },
                "schoolLabel":{
                    "xml:lang":"en",
                    "type":"literal",
                    "value":"Phillips Academy"
                }
            },
            {
                "president":{
                    "type":"uri",
                    "value":"http://www.wikidata.org/entity/Q35648"
                },
                "child":{
                    "type":"uri",
                    "value":"http://www.wikidata.org/entity/Q519730"
                },
                "school":{
                    "type":"uri",
                    "value":"http://www.wikidata.org/entity/Q2599077"
                },
                "presidentLabel":{
                    "xml:lang":"en",
                    "type":"literal",
                    "value":"William Howard Taft"
                },
                "schoolLabel":{
                    "xml:lang":"en",
                    "type":"literal",
                    "value":"Yale College"
                }
            },
            {
                "president":{
                    "type":"uri",
                    "value":"http://www.wikidata.org/entity/Q22686"
                },
                "child":{
                    "type":"uri",
                    "value":"http://www.wikidata.org/entity/Q239411"
                },
                "school":{
                    "type":"uri",
                    "value":"http://www.wikidata.org/entity/Q49117"
                },
                "presidentLabel":{
                    "xml:lang":"en",
                    "type":"literal",
                    "value":"Donald Trump"
                },
                "schoolLabel":{
                    "xml:lang":"en",
                    "type":"literal",
                    "value":"University of Pennsylvania"
                }
            },
            {
                "president":{
                    "type":"uri",
                    "value":"http://www.wikidata.org/entity/Q34296"
                },
                "child":{
                    "type":"uri",
                    "value":"http://www.wikidata.org/entity/Q6187865"
                },
                "school":{
                    "type":"uri",
                    "value":"http://www.wikidata.org/entity/Q21578"
                },
                "presidentLabel":{
                    "xml:lang":"en",
                    "type":"literal",
                    "value":"Woodrow Wilson"
                },
                "schoolLabel":{
                    "xml:lang":"en",
                    "type":"literal",
                    "value":"Princeton University"
                }
            },
            {
                "president":{
                    "type":"uri",
                    "value":"http://www.wikidata.org/entity/Q11816"
                },
                "child":{
                    "type":"uri",
                    "value":"http://www.wikidata.org/entity/Q5545922"
                },
                "school":{
                    "type":"uri",
                    "value":"http://www.wikidata.org/entity/Q13371"
                },
                "presidentLabel":{
                    "xml:lang":"en",
                    "type":"literal",
                    "value":"John Quincy Adams"
                },
                "schoolLabel":{
                    "xml:lang":"en",
                    "type":"literal",
                    "value":"Harvard University"
                }
            }
        ]
    }
}