{
    "head":{
        "vars":[
            "uni",
            "uniLabel",
            "students"
        ]
    },
    "results":{
        "bindings":[
            {
                "uni":{
                    "type":"uri",
                    "value":"http://www.wikidata.org/entity/Q193727"
                },
                "uniLabel":{
                    "xml:lang":"en",
                    "type":"literal",
                    "value":"Johns Hopkins University"
                },
                "students":{
                    "datatype":"http://www.w3.org/2001/XMLSchema#decimal",
                    "type":"literal",
                    "value":"22686"
                }
            },
            {
                "uni":{
                    "type":"uri",
                    "value":"http://www.wikidata.org/entity/Q1474129"
                },
                "uniLabel":{
                    "xml:lang":"en",
                    "type":"literal",
                    "value":"Towson University"
                },
                "students":{
                    "datatype":"http://www.w3.org/2001/XMLSchema#decimal",
                    "type":"literal",
                    "value":"18921"
                }
            },
            {
                "uni":{
                    "type":"uri",
                    "value":"http://www.wikidata.org/entity/Q735049"
                },
                "uniLabel":{
                    "xml:lang":"en",
                    "type":"literal",
                    "value":"University of Maryland, Baltimore County"
                },
                "students":{
                    "datatype":"http://www.w3.org/2001/XMLSchema#decimal",
                    "type":"literal",
                    "value":"13767"
                }
            },
            {
                "uni":{
                    "type":"uri",
                    "value":"http://www.wikidata.org/entity/Q1054905"
                },
                "uniLabel":{
                    "xml:lang":"en",
                    "type":"literal",
                    "value":"Morgan State University"
                },
                "students":{
                    "datatype":"http://www.w3.org/2001/XMLSchema#decimal",
                    "type":"literal",
                    "value":"7747"
                }
            },
            {
                "uni":{
                    "type":"uri",
                    "value":"http://www.wikidata.org/entity/Q5399470"
                },
                "uniLabel":{
                    "xml:lang":"en",
                    "type":"literal",
                    "value":"Loyola University Maryland"
                },
                "students":{
                    "datatype":"http://www.w3.org/2001/XMLSchema#decimal",
                    "type":"literal",
                    "value":"5783"
                }
            },
            {
                "uni":{
                    "type":"uri",
                    "value":"http://www.wikidata.org/entity/Q895439"
                },
                "uniLabel":{
                    "xml:lang":"en",
                    "type":"literal",
                    "value":"Bowie State University"
                },
                "students":{
                    "datatype":"http://www.w3.org/2001/XMLSchema#decimal",
                    "type":"literal",
                    "value":"5600"
                }
            },
            {
                "uni":{
                    "type":"uri",
                    "value":"http://www.wikidata.org/entity/Q5472670"
                },
                "uniLabel":{
                    "xml:lang":"en",
                    "type":"literal",
                    "value":"Fortis College"
                }
            },
            {
                "uni":{
                    "type":"uri",
                    "value":"http://www.wikidata.org/entity/Q7615536"
                },
                "uniLabel":{
                    "xml:lang":"en",
                    "type":"literal",
                    "value":"Stevenson University"
                }
            },
            {
                "uni":{
                    "type":"uri",
                    "value":"http://www.wikidata.org/entity/Q4114428"
                },
                "uniLabel":{
                    "xml:lang":"en",
                    "type":"literal",
                    "value":"Uniformed Services University of the Health Sciences"
                }
            },
            {
                "uni":{
                    "type":"uri",
                    "value":"http://www.wikidata.org/entity/Q4852871"
                },
                "uniLabel":{
                    "xml:lang":"en",
                    "type":"literal",
                    "value":"Baltimore Hebrew University"
                }
            },
            {
                "uni":{
                    "type":"uri",
                    "value":"http://www.wikidata.org/entity/Q5168881"
                },
                "uniLabel":{
                    "xml:lang":"en",
                    "type":"literal",
                    "value":"Coppin State University"
                }
            },
            {
                "uni":{
                    "type":"uri",
                    "value":"http://www.wikidata.org/entity/Q7063504"
                },
                "uniLabel":{
                    "xml:lang":"en",
                    "type":"literal",
                    "value":"Notre Dame of Maryland University"
                }
            },
            {
                "uni":{
                    "type":"uri",
                    "value":"http://www.wikidata.org/entity/Q7895107"
                },
                "uniLabel":{
                    "xml:lang":"en",
                    "type":"literal",
                    "value":"University of Baltimore Center for International and Comparative Law"
                }
            },
            {
                "uni":{
                    "type":"uri",
                    "value":"http://www.wikidata.org/entity/Q7895109"
                },
                "uniLabel":{
                    "xml:lang":"en",
                    "type":"literal",
                    "value":"University of Baltimore"
                }
            },
            {
                "uni":{
                    "type":"uri",
                    "value":"http://www.wikidata.org/entity/Q16982604"
                },
                "uniLabel":{
                    "xml:lang":"en",
                    "type":"literal",
                    "value":"University of Maryland Graduate School, Baltimore"
                }
            },
            {
                "uni":{
                    "type":"uri",
                    "value":"http://www.wikidata.org/entity/Q17059629"
                },
                "uniLabel":{
                    "xml:lang":"en",
                    "type":"literal",
                    "value":"TESST College of Technology"
                }
            },
            {
                "uni":{
                    "type":"uri",
                    "value":"http://www.wikidata.org/entity/Q17098356"
                },
                "uniLabel":{
                    "xml:lang":"en",
                    "type":"literal",
                    "value":"Investors United"
                }
            },
            {
                "uni":{
                    "type":"uri",
                    "value":"http://www.wikidata.org/entity/Q18158997"
                },
                "uniLabel":{
                    "xml:lang":"en",
                    "type":"literal",
                    "value":"University of Maryland, Baltimore County Centers and Institutes"
                }
            },
            {
                "uni":{
                    "type":"uri",
                    "value":"http://www.wikidata.org/entity/Q5154689"
                },
                "uniLabel":{
                    "xml:lang":"en",
                    "type":"literal",
                    "value":"Community College of Baltimore County"
                }
            },
            {
                "uni":{
                    "type":"uri",
                    "value":"http://www.wikidata.org/entity/Q1470544"
                },
                "uniLabel":{
                    "xml:lang":"en",
                    "type":"literal",
                    "value":"Frostburg State University"
                }
            },
            {
                "uni":{
                    "type":"uri",
                    "value":"http://www.wikidata.org/entity/Q49089"
                },
                "uniLabel":{
                    "xml:lang":"en",
                    "type":"literal",
                    "value":"University of Maryland Eastern Shore"
                }
            },
            {
                "uni":{
                    "type":"uri",
                    "value":"http://www.wikidata.org/entity/Q3551510"
                },
                "uniLabel":{
                    "xml:lang":"en",
                    "type":"literal",
                    "value":"Washington Adventist University"
                }
            },
            {
                "uni":{
                    "type":"uri",
                    "value":"http://www.wikidata.org/entity/Q7404818"
                },
                "uniLabel":{
                    "xml:lang":"en",
                    "type":"literal",
                    "value":"Salisbury University"
                }
            },
            {
                "uni":{
                    "type":"uri",
                    "value":"http://www.wikidata.org/entity/Q7894950"
                },
                "uniLabel":{
                    "xml:lang":"en",
                    "type":"literal",
                    "value":"University System of Maryland at Hagerstown"
                }
            },
            {
                "uni":{
                    "type":"uri",
                    "value":"http://www.wikidata.org/entity/Q7895680"
                },
                "uniLabel":{
                    "xml:lang":"en",
                    "type":"literal",
                    "value":"University of Maryland Center for Environmental Science"
                }
            }
        ]
    }
}