<?xml version="1.0" encoding="utf-8"?>
<?xml-stylesheet type="text/xsl" href="schedule.xsl" ?>

<schedule xsi:noNamespaceSchemaLocation="schedule.xsd" semester="Fall" year="2019" xmlns:xsi="http://www.w3.org/2001/XMLSchema-instance">
  <course programIdentifier="CMSC" number="435" title="Computer Graphics" currentGrade="3">
    <section>
      <sectionNumber>01</sectionNumber>
      <instructorName>Adam Bargteil</instructorName>
      <room>Interdisciplinary Life S 237</room>
      <days>MoWe</days>
      <startTime>1:00pm</startTime>
      <endTime>2:15pm</endTime>
      <status>Open</status>
    </section>
  </course>
  <course programIdentifier="CMSC" number="471" title="Introduction to Artificial Intelligence" currentGrade="3">
    <section>
      <sectionNumber>01</sectionNumber>
      <instructorName>Fereydoon Vafei</instructorName>
      <room>Interdisciplinary Life S 116A</room>
      <days>TueThu</days>
      <startTime>11:30am</startTime>
      <endTime>12:45pm</endTime>
      <status>Open</status>
    </section>
    <section>
      <sectionNumber>02</sectionNumber>
      <instructorName>Fereydoon Vafei</instructorName>
      <room>Janet and Walter Sondheim 206</room>
      <days>TueThu</days>
      <startTime>4:00pm</startTime>
      <endTime>5:15pm</endTime>
      <status>Open</status>
    </section>
    <section>
      <sectionNumber>03</sectionNumber>
      <instructorName>Musad Haque</instructorName>
      <room>Fine Arts 303</room>
      <days>TueThu</days>
      <startTime>5:30pm</startTime>
      <endTime>6:45pm</endTime>
      <status>Open</status>
    </section>
  </course>
</schedule>
